{"icons":[{"name":"arrow-left-right-special","id":"arrow-left-right-special","unicode":"e900","created":1},{"name":"arrow-left-special","id":"arrow-left-special","unicode":"e901","created":1},{"name":"arrow-right-special","id":"arrow-right-special","unicode":"e902","created":1},{"name":"arrow-up-down-special","id":"arrow-up-down-special","unicode":"e903","created":1},{"name":"arrow-up-special","id":"arrow-up-special","unicode":"e904","created":1},{"name":"backup-complete-special","id":"backup-complete-special","unicode":"e905","created":1},{"name":"backup-special","id":"backup-special","unicode":"e906","created":1},{"name":"bar-chart-1-special","id":"bar-chart-1-special","unicode":"e907","created":1},{"name":"bar-chart-2-special","id":"bar-chart-2-special","unicode":"e908","created":1},{"name":"battery-0-special","id":"battery-0-special","unicode":"e909","created":1},{"name":"battery-1-special","id":"battery-1-special","unicode":"e90a","created":1},{"name":"bluetooth-special","id":"bluetooth-special","unicode":"e90b","created":1},{"name":"book-open-special","id":"book-open-special","unicode":"e90c","created":1},{"name":"bookmark-2-special","id":"bookmark-2-special","unicode":"e90d","created":1},{"name":"bookmark-special","id":"bookmark-special","unicode":"e90e","created":1},{"name":"briefcase-special","id":"briefcase-special","unicode":"e90f","created":1},{"name":"broadcast-special","id":"broadcast-special","unicode":"e910","created":1},{"name":"bug-special","id":"bug-special","unicode":"e911","created":1},{"name":"burger-menu-special","id":"burger-menu-special","unicode":"e912","created":1},{"name":"checkbox-full-special","id":"checkbox-full-special","unicode":"e913","created":1},{"name":"checkbox-tick-special","id":"checkbox-tick-special","unicode":"e914","created":1},{"name":"claperboard-special","id":"claperboard-special","unicode":"e915","created":1},{"name":"clipboard-special","id":"clipboard-special","unicode":"e916","created":1},{"name":"clock-special","id":"clock-special","unicode":"e917","created":1},{"name":"cloud-special","id":"cloud-special","unicode":"e918","created":1},{"name":"code-special","id":"code-special","unicode":"e919","created":1},{"name":"cog-special","id":"cog-special","unicode":"e91a","created":1},{"name":"credit-card-special","id":"credit-card-special","unicode":"e91b","created":1},{"name":"crop-special","id":"crop-special","unicode":"e91c","created":1},{"name":"cross-special","id":"cross-special","unicode":"e91d","created":1},{"name":"cursor-special","id":"cursor-special","unicode":"e91e","created":1},{"name":"decrease-4-special","id":"decrease-4-special","unicode":"e91f","created":1},{"name":"decrease-5-special","id":"decrease-5-special","unicode":"e920","created":1},{"name":"direction-special","id":"direction-special","unicode":"e921","created":1},{"name":"dislike-special","id":"dislike-special","unicode":"e922","created":1},{"name":"document-3-special","id":"document-3-special","unicode":"e923","created":1},{"name":"download-from-cloud-special","id":"download-from-cloud-special","unicode":"e924","created":1},{"name":"download-special","id":"download-special","unicode":"e925","created":1},{"name":"edit-profile-special","id":"edit-profile-special","unicode":"e926","created":1},{"name":"ellipsis-special","id":"ellipsis-special","unicode":"e927","created":1},{"name":"error-special","id":"error-special","unicode":"e928","created":1},{"name":"exclamation-mark-special","id":"exclamation-mark-special","unicode":"e929","created":1},{"name":"exit-special","id":"exit-special","unicode":"e92a","created":1},{"name":"external-link-special","id":"external-link-special","unicode":"e92b","created":1},{"name":"eye-special","id":"eye-special","unicode":"e92c","created":1},{"name":"fast-forward-special","id":"fast-forward-special","unicode":"e92d","created":1},{"name":"file-audio-1-special","id":"file-audio-1-special","unicode":"e92e","created":1},{"name":"file-code-special","id":"file-code-special","unicode":"e92f","created":1},{"name":"file-doc-special","id":"file-doc-special","unicode":"e930","created":1},{"name":"file-edit-special","id":"file-edit-special","unicode":"e931","created":1},{"name":"file-movie-special","id":"file-movie-special","unicode":"e932","created":1},{"name":"file-new-special","id":"file-new-special","unicode":"e933","created":1},{"name":"file-pdf-special","id":"file-pdf-special","unicode":"e934","created":1},{"name":"file-picture-special","id":"file-picture-special","unicode":"e935","created":1},{"name":"file-ppt-special","id":"file-ppt-special","unicode":"e936","created":1},{"name":"file-xls-special","id":"file-xls-special","unicode":"e937","created":1},{"name":"file-zip-special","id":"file-zip-special","unicode":"e938","created":1},{"name":"filter-special","id":"filter-special","unicode":"e939","created":1},{"name":"flag-special","id":"flag-special","unicode":"e93a","created":1},{"name":"folder-special","id":"folder-special","unicode":"e93b","created":1},{"name":"folders-special","id":"folders-special","unicode":"e93c","created":1},{"name":"forward-special","id":"forward-special","unicode":"e93d","created":1},{"name":"globe-special","id":"globe-special","unicode":"e93e","created":1},{"name":"grid-special","id":"grid-special","unicode":"e93f","created":1},{"name":"headphones-special","id":"headphones-special","unicode":"e940","created":1},{"name":"heart-special","id":"heart-special","unicode":"e941","created":1},{"name":"history-special","id":"history-special","unicode":"e942","created":1},{"name":"house-special","id":"house-special","unicode":"e943","created":1},{"name":"inbox-special","id":"inbox-special","unicode":"e944","created":1},{"name":"increase-5-special","id":"increase-5-special","unicode":"e945","created":1},{"name":"infinity-loop-special","id":"infinity-loop-special","unicode":"e946","created":1},{"name":"key-2-special","id":"key-2-special","unicode":"e947","created":1},{"name":"laptop-special","id":"laptop-special","unicode":"e948","created":1},{"name":"life-buoy-special","id":"life-buoy-special","unicode":"e949","created":1},{"name":"lightbulb-special","id":"lightbulb-special","unicode":"e94a","created":1},{"name":"like-special","id":"like-special","unicode":"e94b","created":1},{"name":"link-special","id":"link-special","unicode":"e94c","created":1},{"name":"list-2-special","id":"list-2-special","unicode":"e94d","created":1},{"name":"list-special","id":"list-special","unicode":"e94e","created":1},{"name":"lock-special","id":"lock-special","unicode":"e94f","created":1},{"name":"mail-in-special","id":"mail-in-special","unicode":"e950","created":1},{"name":"mail-out-special","id":"mail-out-special","unicode":"e951","created":1},{"name":"mail-special","id":"mail-special","unicode":"e952","created":1},{"name":"male-symbol-special","id":"male-symbol-special","unicode":"e953","created":1},{"name":"man-silhouette-special","id":"man-silhouette-special","unicode":"e954","created":1},{"name":"map-special","id":"map-special","unicode":"e955","created":1},{"name":"microphone-2-special","id":"microphone-2-special","unicode":"e956","created":1},{"name":"microphone-3-special","id":"microphone-3-special","unicode":"e957","created":1},{"name":"minus-special","id":"minus-special","unicode":"e958","created":1},{"name":"mobile-special","id":"mobile-special","unicode":"e959","created":1},{"name":"movie-clip-special","id":"movie-clip-special","unicode":"e95a","created":1},{"name":"music-special","id":"music-special","unicode":"e95b","created":1},{"name":"navigation-1-special","id":"navigation-1-special","unicode":"e95c","created":1},{"name":"navigation-2-special","id":"navigation-2-special","unicode":"e95d","created":1},{"name":"newspaper-special","id":"newspaper-special","unicode":"e95e","created":1},{"name":"no-entry-special","id":"no-entry-special","unicode":"e95f","created":1},{"name":"non-visable-special","id":"non-visable-special","unicode":"e960","created":1},{"name":"office-locator-special","id":"office-locator-special","unicode":"e961","created":1},{"name":"open folder special.1","id":"open folder special.1","unicode":"e962","created":1},{"name":"open-folder-special","id":"open-folder-special","unicode":"e963","created":1},{"name":"options-special","id":"options-special","unicode":"e964","created":1},{"name":"org-chart-special","id":"org-chart-special","unicode":"e965","created":1},{"name":"paper-plane-special","id":"paper-plane-special","unicode":"e966","created":1},{"name":"paperclip-special","id":"paperclip-special","unicode":"e967","created":1},{"name":"partlyselected-checkbox","id":"partlyselected-checkbox","unicode":"e968","created":1},{"name":"phone-special","id":"phone-special","unicode":"e969","created":1},{"name":"picture-special","id":"picture-special","unicode":"e96a","created":1},{"name":"pie-chart-1-special","id":"pie-chart-1-special","unicode":"e96b","created":1},{"name":"pin-special","id":"pin-special","unicode":"e96c","created":1},{"name":"plane-1-special","id":"plane-1-special","unicode":"e96d","created":1},{"name":"play-special","id":"play-special","unicode":"e96e","created":1},{"name":"plus-special","id":"plus-special","unicode":"e96f","created":1},{"name":"podcast-special","id":"podcast-special","unicode":"e970","created":1},{"name":"power-special","id":"power-special","unicode":"e971","created":1},{"name":"printer-special","id":"printer-special","unicode":"e972","created":1},{"name":"profile-2-special","id":"profile-2-special","unicode":"e973","created":1},{"name":"profile-special","id":"profile-special","unicode":"e974","created":1},{"name":"public-building-special","id":"public-building-special","unicode":"e975","created":1},{"name":"qr-code-special","id":"qr-code-special","unicode":"e976","created":1},{"name":"question-mark-special","id":"question-mark-special","unicode":"e977","created":1},{"name":"quote-marks-2-special","id":"quote-marks-2-special","unicode":"e978","created":1},{"name":"quote-marks-special","id":"quote-marks-special","unicode":"e979","created":1},{"name":"record-special","id":"record-special","unicode":"e97a","created":1},{"name":"recycle-special","id":"recycle-special","unicode":"e97b","created":1},{"name":"refresh-special","id":"refresh-special","unicode":"e97c","created":1},{"name":"reply-all-special","id":"reply-all-special","unicode":"e97d","created":1},{"name":"reply-special","id":"reply-special","unicode":"e97e","created":1},{"name":"return-special","id":"return-special","unicode":"e97f","created":1},{"name":"rewind-special","id":"rewind-special","unicode":"e980","created":1},{"name":"rss-special","id":"rss-special","unicode":"e981","created":1},{"name":"satchel-special","id":"satchel-special","unicode":"e982","created":1},{"name":"scissors-special","id":"scissors-special","unicode":"e983","created":1},{"name":"search-special","id":"search-special","unicode":"e984","created":1},{"name":"selected-checkbox","id":"selected-checkbox","unicode":"e985","created":1},{"name":"selected-radiobutton","id":"selected-radiobutton","unicode":"e986","created":1},{"name":"share-special","id":"share-special","unicode":"e987","created":1},{"name":"shield-special","id":"shield-special","unicode":"e988","created":1},{"name":"shuffle-special","id":"shuffle-special","unicode":"e989","created":1},{"name":"simple-arrow-left-special","id":"simple-arrow-left-special","unicode":"e98a","created":1},{"name":"simple-arrow-right-special","id":"simple-arrow-right-special","unicode":"e98b","created":1},{"name":"simple-arrow-up-special","id":"simple-arrow-up-special","unicode":"e98c","created":1},{"name":"skip-backwards-special","id":"skip-backwards-special","unicode":"e98d","created":1},{"name":"skip-forward-special","id":"skip-forward-special","unicode":"e98e","created":1},{"name":"skip-forwards-special","id":"skip-forwards-special","unicode":"e98f","created":1},{"name":"skip-rewind-special","id":"skip-rewind-special","unicode":"e990","created":1},{"name":"slider-special","id":"slider-special","unicode":"e991","created":1},{"name":"smallchevron-down","id":"smallchevron-down","unicode":"e992","created":1},{"name":"smallchevron-left","id":"smallchevron-left","unicode":"e993","created":1},{"name":"smallchevron-right","id":"smallchevron-right","unicode":"e994","created":1},{"name":"smallchevron-up","id":"smallchevron-up","unicode":"e995","created":1},{"name":"sort-alpha-ascending-special","id":"sort-alpha-ascending-special","unicode":"e996","created":1},{"name":"sort-alpha-descending-special","id":"sort-alpha-descending-special","unicode":"e997","created":1},{"name":"sort-amount-ascending-special","id":"sort-amount-ascending-special","unicode":"e998","created":1},{"name":"sort-amount-descending-special","id":"sort-amount-descending-special","unicode":"e999","created":1},{"name":"speech-2-special","id":"speech-2-special","unicode":"e99a","created":1},{"name":"speech-bubble-special","id":"speech-bubble-special","unicode":"e99b","created":1},{"name":"speedometer-special","id":"speedometer-special","unicode":"e99c","created":1},{"name":"spin-special","id":"spin-special","unicode":"e99d","created":1},{"name":"stack-overflow-special","id":"stack-overflow-special","unicode":"e99e","created":1},{"name":"star-special","id":"star-special","unicode":"e99f","created":1},{"name":"stop-special","id":"stop-special","unicode":"e9a0","created":1},{"name":"stopwatch-special","id":"stopwatch-special","unicode":"e9a1","created":1},{"name":"sun-shade-special","id":"sun-shade-special","unicode":"e9a2","created":1},{"name":"sun-special","id":"sun-special","unicode":"e9a3","created":1},{"name":"tablet-special","id":"tablet-special","unicode":"e9a4","created":1},{"name":"tag-special","id":"tag-special","unicode":"e9a5","created":1},{"name":"television-special","id":"television-special","unicode":"e9a6","created":1},{"name":"tick-list-special","id":"tick-list-special","unicode":"e9a7","created":1},{"name":"tick-special","id":"tick-special","unicode":"e9a8","created":1},{"name":"toolbox-special","id":"toolbox-special","unicode":"e9a9","created":1},{"name":"traffic-signal-eu-special","id":"traffic-signal-eu-special","unicode":"e9aa","created":1},{"name":"train-special","id":"train-special","unicode":"e9ab","created":1},{"name":"trolley-special","id":"trolley-special","unicode":"e9ac","created":1},{"name":"trophy-special","id":"trophy-special","unicode":"e9ad","created":1},{"name":"unlink-special","id":"unlink-special","unicode":"e9ae","created":1},{"name":"unlock-special","id":"unlock-special","unicode":"e9af","created":1},{"name":"unselected-checkbox","id":"unselected-checkbox","unicode":"e9b0","created":1},{"name":"unselected-radiobutton","id":"unselected-radiobutton","unicode":"e9b1","created":1},{"name":"upload-special","id":"upload-special","unicode":"e9b2","created":1},{"name":"upload-to-cloud-special","id":"upload-to-cloud-special","unicode":"e9b3","created":1},{"name":"usb-special","id":"usb-special","unicode":"e9b4","created":1},{"name":"user-2-special","id":"user-2-special","unicode":"e9b5","created":1},{"name":"video-special","id":"video-special","unicode":"e9b6","created":1},{"name":"volume-1-special","id":"volume-1-special","unicode":"e9b7","created":1},{"name":"volume-4-special","id":"volume-4-special","unicode":"e9b8","created":1},{"name":"wifi-special","id":"wifi-special","unicode":"e9b9","created":1},{"name":"zoom-in-special","id":"zoom-in-special","unicode":"e9ba","created":1},{"name":"zoom-out-special","id":"zoom-out-special","unicode":"e9bb","created":1},{"name":"@special","id":"@special","unicode":"e9bc","created":1},{"name":"alarm-clock-special","id":"alarm-clock-special","unicode":"e9bd","created":1},{"name":"archive-box-special","id":"archive-box-special","unicode":"e9be","created":1},{"name":"arrow-double-down-special","id":"arrow-double-down-special","unicode":"e9bf","created":1},{"name":"arrow-double-left-special","id":"arrow-double-left-special","unicode":"e9c0","created":1},{"name":"arrow-double-right-special","id":"arrow-double-right-special","unicode":"e9c1","created":1},{"name":"arrow-double-up-special","id":"arrow-double-up-special","unicode":"e9c2","created":1},{"name":"arrow-down-special","id":"arrow-down-special","unicode":"e9c3","created":1},{"name":"battery-5-special","id":"battery-5-special","unicode":"e9c4","created":1},{"name":"bin-special","id":"bin-special","unicode":"e9c5","created":1},{"name":"blog-special","id":"blog-special","unicode":"e9c6","created":1},{"name":"calender-special","id":"calender-special","unicode":"e9c7","created":1},{"name":"camera-special","id":"camera-special","unicode":"e9c8","created":1},{"name":"checkbox-empty-special","id":"checkbox-empty-special","unicode":"e9c9","created":1},{"name":"cogs-special","id":"cogs-special","unicode":"e9ca","created":1},{"name":"commenting-special","id":"commenting-special","unicode":"e9cb","created":1},{"name":"compass-1-special","id":"compass-1-special","unicode":"e9cc","created":1},{"name":"display-special","id":"display-special","unicode":"e9cd","created":1},{"name":"document-1-special","id":"document-1-special","unicode":"e9ce","created":1},{"name":"document-2-special","id":"document-2-special","unicode":"e9cf","created":1}]}