{"icons":[{"name":"@_commercial_at_NEG","id":"@_commercial_at_NEG","unicode":"e900","created":1},{"name":"@_commercial_at_POS","id":"@_commercial_at_POS","unicode":"e901","created":1},{"name":"3D_NEG","id":"3D_NEG","unicode":"e902","created":1},{"name":"3D_POS","id":"3D_POS","unicode":"e903","created":1},{"name":"Abacus_NEG","id":"Abacus_NEG","unicode":"e904","created":1},{"name":"Abacus_POS","id":"Abacus_POS","unicode":"e905","created":1},{"name":"Alarm_clock_NEG","id":"Alarm_clock_NEG","unicode":"e906","created":1},{"name":"Alarm_clock_POS","id":"Alarm_clock_POS","unicode":"e907","created":1},{"name":"Ambulance_NEG","id":"Ambulance_NEG","unicode":"e908","created":1},{"name":"Ambulance_POS","id":"Ambulance_POS","unicode":"e909","created":1},{"name":"Anchor_NEG","id":"Anchor_NEG","unicode":"e90a","created":1},{"name":"Anchor_POS","id":"Anchor_POS","unicode":"e90b","created":1},{"name":"Apple_NEG","id":"Apple_NEG","unicode":"e90c","created":1},{"name":"Apple_POS","id":"Apple_POS","unicode":"e90d","created":1},{"name":"Archive_box_NEG","id":"Archive_box_NEG","unicode":"e90e","created":1},{"name":"Archive_box_POS","id":"Archive_box_POS","unicode":"e90f","created":1},{"name":"Armchair_NEG","id":"Armchair_NEG","unicode":"e910","created":1},{"name":"Armchair_POS","id":"Armchair_POS","unicode":"e911","created":1},{"name":"Arrow_double_down_NEG","id":"Arrow_double_down_NEG","unicode":"e912","created":1},{"name":"Arrow_double_down_POS","id":"Arrow_double_down_POS","unicode":"e913","created":1},{"name":"Arrow_double_Left_NEG","id":"Arrow_double_Left_NEG","unicode":"e914","created":1},{"name":"Arrow_double_Left_POS","id":"Arrow_double_Left_POS","unicode":"e915","created":1},{"name":"Arrow_double_right_NEG","id":"Arrow_double_right_NEG","unicode":"e916","created":1},{"name":"Arrow_double_right_POS","id":"Arrow_double_right_POS","unicode":"e917","created":1},{"name":"Arrow_double_up_NEG","id":"Arrow_double_up_NEG","unicode":"e918","created":1},{"name":"Arrow_double_up_POS","id":"Arrow_double_up_POS","unicode":"e919","created":1},{"name":"Arrow_down_Left_turn_NEG","id":"Arrow_down_Left_turn_NEG","unicode":"e91a","created":1},{"name":"Arrow_down_Left_turn_POS","id":"Arrow_down_Left_turn_POS","unicode":"e91b","created":1},{"name":"Arrow_down_NEG","id":"Arrow_down_NEG","unicode":"e91c","created":1},{"name":"Arrow_down_POS","id":"Arrow_down_POS","unicode":"e91d","created":1},{"name":"Arrow_down_right_turn_NEG","id":"Arrow_down_right_turn_NEG","unicode":"e91e","created":1},{"name":"Arrow_down_right_turn_POS","id":"Arrow_down_right_turn_POS","unicode":"e91f","created":1},{"name":"Arrow_journey_NEG","id":"Arrow_journey_NEG","unicode":"e920","created":1},{"name":"Arrow_journey_POS","id":"Arrow_journey_POS","unicode":"e921","created":1},{"name":"Arrow_Left_n_right_NEG","id":"Arrow_Left_n_right_NEG","unicode":"e922","created":1},{"name":"Arrow_Left_n_right_POS","id":"Arrow_Left_n_right_POS","unicode":"e923","created":1},{"name":"Arrow_Left_down_turn_NEG","id":"Arrow_Left_down_turn_NEG","unicode":"e924","created":1},{"name":"Arrow_Left_down_turn_POS","id":"Arrow_Left_down_turn_POS","unicode":"e925","created":1},{"name":"Arrow_Left_NEG","id":"Arrow_Left_NEG","unicode":"e926","created":1},{"name":"Arrow_Left_POS","id":"Arrow_Left_POS","unicode":"e927","created":1},{"name":"Arrow_Left_up_turn_NEG","id":"Arrow_Left_up_turn_NEG","unicode":"e928","created":1},{"name":"Arrow_Left_up_turn_POS","id":"Arrow_Left_up_turn_POS","unicode":"e929","created":1},{"name":"Arrow_right_down_turn_NEG","id":"Arrow_right_down_turn_NEG","unicode":"e92a","created":1},{"name":"Arrow_right_down_turn_POS","id":"Arrow_right_down_turn_POS","unicode":"e92b","created":1},{"name":"Arrow_right_NEG","id":"Arrow_right_NEG","unicode":"e92c","created":1},{"name":"Arrow_right_POS","id":"Arrow_right_POS","unicode":"e92d","created":1},{"name":"Arrow_right_up_turn_NEG","id":"Arrow_right_up_turn_NEG","unicode":"e92e","created":1},{"name":"Arrow_right_up_turn_POS","id":"Arrow_right_up_turn_POS","unicode":"e92f","created":1},{"name":"Arrow_up_n_down_NEG","id":"Arrow_up_n_down_NEG","unicode":"e930","created":1},{"name":"Arrow_up_n_down_POS","id":"Arrow_up_n_down_POS","unicode":"e931","created":1},{"name":"Arrow_up_Left_turn_NEG","id":"Arrow_up_Left_turn_NEG","unicode":"e932","created":1},{"name":"Arrow_up_Left_turn_POS","id":"Arrow_up_Left_turn_POS","unicode":"e933","created":1},{"name":"Arrow_up_NEG","id":"Arrow_up_NEG","unicode":"e934","created":1},{"name":"Arrow_up_POS","id":"Arrow_up_POS","unicode":"e935","created":1},{"name":"Arrow_up_right_turn_NEG","id":"Arrow_up_right_turn_NEG","unicode":"e936","created":1},{"name":"Arrow_up_right_turn_POS","id":"Arrow_up_right_turn_POS","unicode":"e937","created":1},{"name":"Asterisk_NEG","id":"Asterisk_NEG","unicode":"e938","created":1},{"name":"Asterisk_POS","id":"Asterisk_POS","unicode":"e939","created":1},{"name":"Audio_1_NEG","id":"Audio_1_NEG","unicode":"e93a","created":1},{"name":"Audio_1_POS","id":"Audio_1_POS","unicode":"e93b","created":1},{"name":"Audio_2_NEG","id":"Audio_2_NEG","unicode":"e93c","created":1},{"name":"Audio_2_POS","id":"Audio_2_POS","unicode":"e93d","created":1},{"name":"Axe_NEG","id":"Axe_NEG","unicode":"e93e","created":1},{"name":"Axe_POS","id":"Axe_POS","unicode":"e93f","created":1},{"name":"Baby_bottle_NEG","id":"Baby_bottle_NEG","unicode":"e940","created":1},{"name":"Baby_bottle_POS","id":"Baby_bottle_POS","unicode":"e941","created":1},{"name":"Baby_NEG","id":"Baby_NEG","unicode":"e942","created":1},{"name":"Baby_POS","id":"Baby_POS","unicode":"e943","created":1},{"name":"Baby_stroller_NEG","id":"Baby_stroller_NEG","unicode":"e944","created":1},{"name":"Baby_stroller_POS","id":"Baby_stroller_POS","unicode":"e945","created":1},{"name":"Backup_complete_NEG","id":"Backup_complete_NEG","unicode":"e946","created":1},{"name":"Backup_complete_POS","id":"Backup_complete_POS","unicode":"e947","created":1},{"name":"Backup_NEG","id":"Backup_NEG","unicode":"e948","created":1},{"name":"Backup_POS","id":"Backup_POS","unicode":"e949","created":1},{"name":"Band_aid_NEG","id":"Band_aid_NEG","unicode":"e94a","created":1},{"name":"Band_aid_POS","id":"Band_aid_POS","unicode":"e94b","created":1},{"name":"Bar_chart_graph_1_NEG","id":"Bar_chart_graph_1_NEG","unicode":"e94c","created":1},{"name":"Bar_chart_graph_1_POS","id":"Bar_chart_graph_1_POS","unicode":"e94d","created":1},{"name":"Bar_chart_graph_2_NEG","id":"Bar_chart_graph_2_NEG","unicode":"e94e","created":1},{"name":"Bar_chart_graph_2_POS","id":"Bar_chart_graph_2_POS","unicode":"e94f","created":1},{"name":"basketball_NEG","id":"basketball_NEG","unicode":"e950","created":1},{"name":"basketball_POS","id":"basketball_POS","unicode":"e951","created":1},{"name":"Battery_0_NEG","id":"Battery_0_NEG","unicode":"e952","created":1},{"name":"Battery_0_POS","id":"Battery_0_POS","unicode":"e953","created":1},{"name":"Battery_1_NEG","id":"Battery_1_NEG","unicode":"e954","created":1},{"name":"Battery_1_POS","id":"Battery_1_POS","unicode":"e955","created":1},{"name":"Battery_2_NEG","id":"Battery_2_NEG","unicode":"e956","created":1},{"name":"Battery_2_POS","id":"Battery_2_POS","unicode":"e957","created":1},{"name":"Battery_3_NEG","id":"Battery_3_NEG","unicode":"e958","created":1},{"name":"Battery_3_POS","id":"Battery_3_POS","unicode":"e959","created":1},{"name":"Battery_4_NEG","id":"Battery_4_NEG","unicode":"e95a","created":1},{"name":"Battery_4_POS","id":"Battery_4_POS","unicode":"e95b","created":1},{"name":"Battery_5_NEG","id":"Battery_5_NEG","unicode":"e95c","created":1},{"name":"Battery_5_POS","id":"Battery_5_POS","unicode":"e95d","created":1},{"name":"Battery_signs_NEG","id":"Battery_signs_NEG","unicode":"e95e","created":1},{"name":"Battery_signs_POS","id":"Battery_signs_POS","unicode":"e95f","created":1},{"name":"Beaker_NEG","id":"Beaker_NEG","unicode":"e960","created":1},{"name":"Beaker_POS","id":"Beaker_POS","unicode":"e961","created":1},{"name":"Bed_NEG","id":"Bed_NEG","unicode":"e962","created":1},{"name":"Bed_POS","id":"Bed_POS","unicode":"e963","created":1},{"name":"Beer_glass_1_NEG","id":"Beer_glass_1_NEG","unicode":"e964","created":1},{"name":"Beer_glass_1_POS","id":"Beer_glass_1_POS","unicode":"e965","created":1},{"name":"Beer_cup_2_NEG","id":"Beer_cup_2_NEG","unicode":"e966","created":1},{"name":"Beer_cup_2_POS","id":"Beer_cup_2_POS","unicode":"e967","created":1},{"name":"Bell_alert_notification_NEG","id":"Bell_alert_notification_NEG","unicode":"e968","created":1},{"name":"Bell_alert_notification_POS","id":"Bell_alert_notification_POS","unicode":"e969","created":1},{"name":"Bicycle_NEG","id":"Bicycle_NEG","unicode":"e96a","created":1},{"name":"Bicycle_POS","id":"Bicycle_POS","unicode":"e96b","created":1},{"name":"Bin_trash_delete_NEG","id":"Bin_trash_delete_NEG","unicode":"e96c","created":1},{"name":"Bin_trash_delete_POS","id":"Bin_trash_delete_POS","unicode":"e96d","created":1},{"name":"Binoculars_NEG","id":"Binoculars_NEG","unicode":"e96e","created":1},{"name":"Binoculars_POS","id":"Binoculars_POS","unicode":"e96f","created":1},{"name":"Bird_NEG","id":"Bird_NEG","unicode":"e970","created":1},{"name":"Bird_POS","id":"Bird_POS","unicode":"e971","created":1},{"name":"Birthday_cake_NEG","id":"Birthday_cake_NEG","unicode":"e972","created":1},{"name":"Birthday_cake_POS","id":"Birthday_cake_POS","unicode":"e973","created":1},{"name":"Bitcoin_NEG","id":"Bitcoin_NEG","unicode":"e974","created":1},{"name":"Bitcoin_POS","id":"Bitcoin_POS","unicode":"e975","created":1},{"name":"Blog_NEG","id":"Blog_NEG","unicode":"e976","created":1},{"name":"Blog_POS","id":"Blog_POS","unicode":"e977","created":1},{"name":"Bluetooth_NEG","id":"Bluetooth_NEG","unicode":"e978","created":1},{"name":"Bluetooth_POS","id":"Bluetooth_POS","unicode":"e979","created":1},{"name":"Bone_NEG","id":"Bone_NEG","unicode":"e97a","created":1},{"name":"Bone_POS","id":"Bone_POS","unicode":"e97b","created":1},{"name":"Book_closed_NEG","id":"Book_closed_NEG","unicode":"e97c","created":1},{"name":"Book_closed_POS","id":"Book_closed_POS","unicode":"e97d","created":1},{"name":"Book_open_NEG","id":"Book_open_NEG","unicode":"e97e","created":1},{"name":"Book_open_POS","id":"Book_open_POS","unicode":"e97f","created":1},{"name":"Bookmark_2_NEG","id":"Bookmark_2_NEG","unicode":"e980","created":1},{"name":"Bookmark_2_POS","id":"Bookmark_2_POS","unicode":"e981","created":1},{"name":"Bookmark_NEG","id":"Bookmark_NEG","unicode":"e982","created":1},{"name":"Bookmark_POS","id":"Bookmark_POS","unicode":"e983","created":1},{"name":"Bow_tie_NEG","id":"Bow_tie_NEG","unicode":"e984","created":1},{"name":"Bow_tie_POS","id":"Bow_tie_POS","unicode":"e985","created":1},{"name":"Brain_NEG","id":"Brain_NEG","unicode":"e986","created":1},{"name":"Brain_POS","id":"Brain_POS","unicode":"e987","created":1},{"name":"Bridge_1_NEG","id":"Bridge_1_NEG","unicode":"e988","created":1},{"name":"Bridge_1_POS","id":"Bridge_1_POS","unicode":"e989","created":1},{"name":"Bridge_2_NEG","id":"Bridge_2_NEG","unicode":"e98a","created":1},{"name":"Bridge_2_POS","id":"Bridge_2_POS","unicode":"e98b","created":1},{"name":"Bridge_water_1_NEG","id":"Bridge_water_1_NEG","unicode":"e98c","created":1},{"name":"Bridge_water_1_POS","id":"Bridge_water_1_POS","unicode":"e98d","created":1},{"name":"Bridge_water_2_NEG","id":"Bridge_water_2_NEG","unicode":"e98e","created":1},{"name":"Bridge_water_2_POS","id":"Bridge_water_2_POS","unicode":"e98f","created":1},{"name":"Briefcase_bag_job_work_NEG","id":"Briefcase_bag_job_work_NEG","unicode":"e990","created":1},{"name":"Briefcase_POS","id":"Briefcase_POS","unicode":"e991","created":1},{"name":"Broadcast_NEG","id":"Broadcast_NEG","unicode":"e992","created":1},{"name":"Broadcast_POS","id":"Broadcast_POS","unicode":"e993","created":1},{"name":"Broken_heart_NEG","id":"Broken_heart_NEG","unicode":"e994","created":1},{"name":"Broken_heart_POS","id":"Broken_heart_POS","unicode":"e995","created":1},{"name":"Buffering_1_loader_spin_NEG","id":"Buffering_1_loader_spin_NEG","unicode":"e996","created":1},{"name":"Buffering_1_loader_spin_POS","id":"Buffering_1_loader_spin_POS","unicode":"e997","created":1},{"name":"Buffering_2_loader_spin_NEG","id":"Buffering_2_loader_spin_NEG","unicode":"e998","created":1},{"name":"Buffering_2_loader_spin_POS","id":"Buffering_2_loader_spin_POS","unicode":"e999","created":1},{"name":"Bug_NEG","id":"Bug_NEG","unicode":"e99a","created":1},{"name":"Bug_POS","id":"Bug_POS","unicode":"e99b","created":1},{"name":"Bullseye_target_goal_NEG","id":"Bullseye_target_goal_NEG","unicode":"e99c","created":1},{"name":"Bullseye_target_goal_POS","id":"Bullseye_target_goal_POS","unicode":"e99d","created":1},{"name":"Burger_Menu_NEG","id":"Burger_Menu_NEG","unicode":"e99e","created":1},{"name":"Burger_Menu_POS","id":"Burger_Menu_POS","unicode":"e99f","created":1},{"name":"Cactus_NEG","id":"Cactus_NEG","unicode":"e9a0","created":1},{"name":"Cactus_POS","id":"Cactus_POS","unicode":"e9a1","created":1},{"name":"CAD_3D_NEG","id":"CAD_3D_NEG","unicode":"e9a2","created":1},{"name":"CAD_3D_POS","id":"CAD_3D_POS","unicode":"e9a3","created":1},{"name":"Calculator_NEG","id":"Calculator_NEG","unicode":"e9a4","created":1},{"name":"Calculator_POS","id":"Calculator_POS","unicode":"e9a5","created":1},{"name":"Calendar_minus_NEG","id":"Calendar_minus_NEG","unicode":"e9a6","created":1},{"name":"Calendar_minus_POS","id":"Calendar_minus_POS","unicode":"e9a7","created":1},{"name":"Calendar_multiply_NEG","id":"Calendar_multiply_NEG","unicode":"e9a8","created":1},{"name":"Calendar_multiply_POS","id":"Calendar_multiply_POS","unicode":"e9a9","created":1},{"name":"Calendar_plus_NEG","id":"Calendar_plus_NEG","unicode":"e9aa","created":1},{"name":"Calendar_plus_POS","id":"Calendar_plus_POS","unicode":"e9ab","created":1},{"name":"Calendar_tick_NEG","id":"Calendar_tick_NEG","unicode":"e9ac","created":1},{"name":"Calendar_tick_POS","id":"Calendar_tick_POS","unicode":"e9ad","created":1},{"name":"Calender_NEG","id":"Calender_NEG","unicode":"e9ae","created":1},{"name":"Calender_POS","id":"Calender_POS","unicode":"e9af","created":1},{"name":"Camera_NEG","id":"Camera_NEG","unicode":"e9b0","created":1},{"name":"Camera_POS","id":"Camera_POS","unicode":"e9b1","created":1},{"name":"Candle_NEG","id":"Candle_NEG","unicode":"e9b2","created":1},{"name":"Candle_POS","id":"Candle_POS","unicode":"e9b3","created":1},{"name":"Capital_dome_NEG","id":"Capital_dome_NEG","unicode":"e9b4","created":1},{"name":"Capital_dome_POS","id":"Capital_dome_POS","unicode":"e9b5","created":1},{"name":"Car_NEG","id":"Car_NEG","unicode":"e9b6","created":1},{"name":"Car_POS","id":"Car_POS","unicode":"e9b7","created":1},{"name":"Carshare_NEG","id":"Carshare_NEG","unicode":"e9b8","created":1},{"name":"Carshare_POS","id":"Carshare_POS","unicode":"e9b9","created":1},{"name":"Cat_NEG","id":"Cat_NEG","unicode":"e9ba","created":1},{"name":"Cat_POS","id":"Cat_POS","unicode":"e9bb","created":1},{"name":"CCTV_NEG","id":"CCTV_NEG","unicode":"e9bc","created":1},{"name":"CCTV_POS","id":"CCTV_POS","unicode":"e9bd","created":1},{"name":"CD_NEG","id":"CD_NEG","unicode":"e9be","created":1},{"name":"CD_POS","id":"CD_POS","unicode":"e9bf","created":1},{"name":"Champagne_bottle_NEG","id":"Champagne_bottle_NEG","unicode":"e9c0","created":1},{"name":"Champagne_bottle_POS","id":"Champagne_bottle_POS","unicode":"e9c1","created":1},{"name":"Check_NEG","id":"Check_NEG","unicode":"e9c2","created":1},{"name":"Check_POS","id":"Check_POS","unicode":"e9c3","created":1},{"name":"Checker_flag_NEG","id":"Checker_flag_NEG","unicode":"e9c4","created":1},{"name":"Checker_flag_POS","id":"Checker_flag_POS","unicode":"e9c5","created":1},{"name":"Chess_bishop_NEG","id":"Chess_bishop_NEG","unicode":"e9c6","created":1},{"name":"Chess_bishop_POS","id":"Chess_bishop_POS","unicode":"e9c7","created":1},{"name":"Chess_castle_NEG","id":"Chess_castle_NEG","unicode":"e9c8","created":1},{"name":"Chess_castle_POS","id":"Chess_castle_POS","unicode":"e9c9","created":1},{"name":"Chess_king_NEG","id":"Chess_king_NEG","unicode":"e9ca","created":1},{"name":"Chess_king_POS","id":"Chess_king_POS","unicode":"e9cb","created":1},{"name":"Chess_knight_NEG","id":"Chess_knight_NEG","unicode":"e9cc","created":1},{"name":"Chess_knight_POS","id":"Chess_knight_POS","unicode":"e9cd","created":1},{"name":"Chess_pawn_NEG","id":"Chess_pawn_NEG","unicode":"e9ce","created":1},{"name":"Chess_pawn_POS","id":"Chess_pawn_POS","unicode":"e9cf","created":1},{"name":"Chess_queen_NEG","id":"Chess_queen_NEG","unicode":"e9d0","created":1},{"name":"Chess_queen_POS","id":"Chess_queen_POS","unicode":"e9d1","created":1},{"name":"Claperboard_video_movie_NEG","id":"Claperboard_video_movie_NEG","unicode":"e9d2","created":1},{"name":"Claperboard_video_movie_POS","id":"Claperboard_video_movie_POS","unicode":"e9d3","created":1},{"name":"Clipboard_NEG","id":"Clipboard_NEG","unicode":"e9d4","created":1},{"name":"Clipboard_POS","id":"Clipboard_POS","unicode":"e9d5","created":1},{"name":"Clock_NEG","id":"Clock_NEG","unicode":"e9d6","created":1},{"name":"Clock_POS","id":"Clock_POS","unicode":"e9d7","created":1},{"name":"Cloud_NEG","id":"Cloud_NEG","unicode":"e9d8","created":1},{"name":"Cloud_POS","id":"Cloud_POS","unicode":"e9d9","created":1},{"name":"Coat_hanger_NEG","id":"Coat_hanger_NEG","unicode":"e9da","created":1},{"name":"Coat_hanger_POS","id":"Coat_hanger_POS","unicode":"e9db","created":1},{"name":"Cocktail_glass_NEG","id":"Cocktail_glass_NEG","unicode":"e9dc","created":1},{"name":"Cocktail_glass_POS","id":"Cocktail_glass_POS","unicode":"e9dd","created":1},{"name":"Code_NEG","id":"Code_NEG","unicode":"e9de","created":1},{"name":"Code_POS","id":"Code_POS","unicode":"e9df","created":1},{"name":"Coffee_cup_NEG","id":"Coffee_cup_NEG","unicode":"e9e0","created":1},{"name":"Coffee_cup_POS","id":"Coffee_cup_POS","unicode":"e9e1","created":1},{"name":"Cog_settings_NEG","id":"Cog_settings_NEG","unicode":"e9e2","created":1},{"name":"Cog_settings_POS","id":"Cog_settings_POS","unicode":"e9e3","created":1},{"name":"Cogs_settings_NEG","id":"Cogs_settings_NEG","unicode":"e9e4","created":1},{"name":"Cogs_settings_POS","id":"Cogs_settings_POS","unicode":"e9e5","created":1},{"name":"Coin_stack_money_NEG","id":"Coin_stack_money_NEG","unicode":"e9e6","created":1},{"name":"Coin_stack_money_POS","id":"Coin_stack_money_POS","unicode":"e9e7","created":1},{"name":"Commenting_chat_bubble_NEG","id":"Commenting_chat_bubble_NEG","unicode":"e9e8","created":1},{"name":"Commenting_chat_bubble_POS","id":"Commenting_chat_bubble_POS","unicode":"e9e9","created":1},{"name":"Comparison_NEG","id":"Comparison_NEG","unicode":"e9ea","created":1},{"name":"Comparison_POS","id":"Comparison_POS","unicode":"e9eb","created":1},{"name":"Compass_1_NEG","id":"Compass_1_NEG","unicode":"e9ec","created":1},{"name":"Compass_1_POS","id":"Compass_1_POS","unicode":"e9ed","created":1},{"name":"Compass_2_NEG","id":"Compass_2_NEG","unicode":"e9ee","created":1},{"name":"Compass_2_POS","id":"Compass_2_POS","unicode":"e9ef","created":1},{"name":"Cooling_towers_NEG","id":"Cooling_towers_NEG","unicode":"e9f0","created":1},{"name":"Cooling_towers_POS","id":"Cooling_towers_POS","unicode":"e9f1","created":1},{"name":"Copy_file_document_NEG","id":"Copy_file_document_NEG","unicode":"e9f2","created":1},{"name":"Copy_file_document_POS","id":"Copy_file_document_POS","unicode":"e9f3","created":1},{"name":"Crane_NEG","id":"Crane_NEG","unicode":"e9f4","created":1},{"name":"Crane_POS","id":"Crane_POS","unicode":"e9f5","created":1},{"name":"Credit_card_NEG","id":"Credit_card_NEG","unicode":"e9f6","created":1},{"name":"Credit_card_POS","id":"Credit_card_POS","unicode":"e9f7","created":1},{"name":"Crop_NEG","id":"Crop_NEG","unicode":"e9f8","created":1},{"name":"Crop_POS","id":"Crop_POS","unicode":"e9f9","created":1},{"name":"Cross_close_NEG","id":"Cross_close_NEG","unicode":"e9fa","created":1},{"name":"Cross_close_POS","id":"Cross_close_POS","unicode":"e9fb","created":1},{"name":"Currency_money_NEG","id":"Currency_money_NEG","unicode":"e9fc","created":1},{"name":"Currency_money_POS","id":"Currency_money_POS","unicode":"e9fd","created":1},{"name":"Cursor_NEG","id":"Cursor_NEG","unicode":"e9fe","created":1},{"name":"Cursor_POS","id":"Cursor_POS","unicode":"e9ff","created":1},{"name":"Cutlery_knife_fork_NEG","id":"Cutlery_knife_fork_NEG","unicode":"ea00","created":1},{"name":"Cutlery_knife_fork_POS","id":"Cutlery_knife_fork_POS","unicode":"ea01","created":1},{"name":"Decrease_1_arrow_NEG","id":"Decrease_1_arrow_NEG","unicode":"ea02","created":1},{"name":"Decrease_1_arrow_POS","id":"Decrease_1_arrow_POS","unicode":"ea03","created":1},{"name":"Decrease_2_arrow_NEG","id":"Decrease_2_arrow_NEG","unicode":"ea04","created":1},{"name":"Decrease_2_arrow_POS","id":"Decrease_2_arrow_POS","unicode":"ea05","created":1},{"name":"Decrease_3_arrow_NEG","id":"Decrease_3_arrow_NEG","unicode":"ea06","created":1},{"name":"Decrease_3_arrow_POS","id":"Decrease_3_arrow_POS","unicode":"ea07","created":1},{"name":"Decrease_4_arrow_NEG","id":"Decrease_4_arrow_NEG","unicode":"ea08","created":1},{"name":"Decrease_4_arrow_POS","id":"Decrease_4_arrow_POS","unicode":"ea09","created":1},{"name":"Decrease_5_arrow_NEG","id":"Decrease_5_arrow_NEG","unicode":"ea0a","created":1},{"name":"Decrease_5_arrow_POS","id":"Decrease_5_arrow_POS","unicode":"ea0b","created":1},{"name":"Devices_NEG","id":"Devices_NEG","unicode":"ea0c","created":1},{"name":"Devices_POS","id":"Devices_POS","unicode":"ea0d","created":1},{"name":"Diamond_NEG","id":"Diamond_NEG","unicode":"ea0e","created":1},{"name":"Diamond_POS","id":"Diamond_POS","unicode":"ea0f","created":1},{"name":"Dice_NEG","id":"Dice_NEG","unicode":"ea10","created":1},{"name":"Dice_POS","id":"Dice_POS","unicode":"ea11","created":1},{"name":"Diploma_document_NEG","id":"Diploma_document_NEG","unicode":"ea12","created":1},{"name":"Diploma_document_POS","id":"Diploma_document_POS","unicode":"ea13","created":1},{"name":"Direction_arrow_NEG","id":"Direction_arrow_NEG","unicode":"ea14","created":1},{"name":"Direction_arrow_POS","id":"Direction_arrow_POS","unicode":"ea15","created":1},{"name":"Direction_sign_NEG","id":"Direction_sign_NEG","unicode":"ea16","created":1},{"name":"Direction_sign_POS","id":"Direction_sign_POS","unicode":"ea17","created":1},{"name":"Directions_1_arrow_NEG","id":"Directions_1_arrow_NEG","unicode":"ea18","created":1},{"name":"Directions_1_arrow_POS","id":"Directions_1_arrow_POS","unicode":"ea19","created":1},{"name":"Directions_2_arrow_NEG","id":"Directions_2_arrow_NEG","unicode":"ea1a","created":1},{"name":"Directions_2_arrow_POS","id":"Directions_2_arrow_POS","unicode":"ea1b","created":1},{"name":"Dislike_NEG","id":"Dislike_NEG","unicode":"ea1c","created":1},{"name":"Dislike_POS","id":"Dislike_POS","unicode":"ea1d","created":1},{"name":"Display_device_monitor_NEG","id":"Display_device_monitor_NEG","unicode":"ea1e","created":1},{"name":"Display_device_monitor_POS","id":"Display_device_monitor_POS","unicode":"ea1f","created":1},{"name":"Divide_NEG","id":"Divide_NEG","unicode":"ea20","created":1},{"name":"Divide_POS","id":"Divide_POS","unicode":"ea21","created":1},{"name":"DNA_NEG","id":"DNA_NEG","unicode":"ea22","created":1},{"name":"DNA_POS","id":"DNA_POS","unicode":"ea23","created":1},{"name":"Do_not_walk_NEG","id":"Do_not_walk_NEG","unicode":"ea24","created":1},{"name":"Do_not_walk_POS","id":"Do_not_walk_POS","unicode":"ea25","created":1},{"name":"Document_file_1_NEG","id":"Document_file_1_NEG","unicode":"ea26","created":1},{"name":"Document_file_1_POS","id":"Document_file_1_POS","unicode":"ea27","created":1},{"name":"Document_file_2_NEG","id":"Document_file_2_NEG","unicode":"ea28","created":1},{"name":"Document_file_2_POS","id":"Document_file_2_POS","unicode":"ea29","created":1},{"name":"Document_file_3_NEG","id":"Document_file_3_NEG","unicode":"ea2a","created":1},{"name":"Document_file_3_POS","id":"Document_file_3_POS","unicode":"ea2b","created":1},{"name":"Dog_NEG","id":"Dog_NEG","unicode":"ea2c","created":1},{"name":"Dog_POS","id":"Dog_POS","unicode":"ea2d","created":1},{"name":"Dollar_NEG","id":"Dollar_NEG","unicode":"ea2e","created":1},{"name":"Dollar_POS","id":"Dollar_POS","unicode":"ea2f","created":1},{"name":"Dolly_NEG","id":"Dolly_NEG","unicode":"ea30","created":1},{"name":"Dolly_POS","id":"Dolly_POS","unicode":"ea31","created":1},{"name":"Double_quote_marks_NEG","id":"Double_quote_marks_NEG","unicode":"ea32","created":1},{"name":"Double_quote_marks_POS","id":"Double_quote_marks_POS","unicode":"ea33","created":1},{"name":"Download_from_cloud_NEG","id":"Download_from_cloud_NEG","unicode":"ea34","created":1},{"name":"Download_from_cloud_POS","id":"Download_from_cloud_POS","unicode":"ea35","created":1},{"name":"Download_NEG","id":"Download_NEG","unicode":"ea36","created":1},{"name":"Download_POS","id":"Download_POS","unicode":"ea37","created":1},{"name":"Drop_NEG","id":"Drop_NEG","unicode":"ea38","created":1},{"name":"Drop_POS","id":"Drop_POS","unicode":"ea39","created":1},{"name":"Edit_profile_user_NEG","id":"Edit_profile_user_NEG","unicode":"ea3a","created":1},{"name":"Edit_profile_user_POS","id":"Edit_profile_user_POS","unicode":"ea3b","created":1},{"name":"Egg_timer_hourglass_NEG","id":"Egg_timer_hourglass_NEG","unicode":"ea3c","created":1},{"name":"Egg_timer_hourglass_POS","id":"Egg_timer_hourglass_POS","unicode":"ea3d","created":1},{"name":"Eject_NEG","id":"Eject_NEG","unicode":"ea3e","created":1},{"name":"Eject_POS","id":"Eject_POS","unicode":"ea3f","created":1},{"name":"Elevator_up_down_NEG","id":"Elevator_up_down_NEG","unicode":"ea40","created":1},{"name":"Elevator_up_down_POS","id":"Elevator_up_down_POS","unicode":"ea41","created":1},{"name":"Ellipsis_dots_NEG","id":"Ellipsis_dots_NEG","unicode":"ea42","created":1},{"name":"Ellipsis_dots_POS","id":"Ellipsis_dots_POS","unicode":"ea43","created":1},{"name":"Enter_login_NEG","id":"Enter_login_NEG","unicode":"ea44","created":1},{"name":"Enter_POS","id":"Enter_POS","unicode":"ea45","created":1},{"name":"Equals_NEG","id":"Equals_NEG","unicode":"ea46","created":1},{"name":"Equals_POS","id":"Equals_POS","unicode":"ea47","created":1},{"name":"Eraser_NEG","id":"Eraser_NEG","unicode":"ea48","created":1},{"name":"Eraser_POS","id":"Eraser_POS","unicode":"ea49","created":1},{"name":"Error_NEG","id":"Error_NEG","unicode":"ea4a","created":1},{"name":"Error_POS","id":"Error_POS","unicode":"ea4b","created":1},{"name":"Euros_NEG","id":"Euros_NEG","unicode":"ea4c","created":1},{"name":"Euros_POS","id":"Euros_POS","unicode":"ea4d","created":1},{"name":"Exclamation_mark_NEG","id":"Exclamation_mark_NEG","unicode":"ea4e","created":1},{"name":"Exclamation_mark_POS","id":"Exclamation_mark_POS","unicode":"ea4f","created":1},{"name":"Exit_logout_NEG","id":"Exit_logout_NEG","unicode":"ea50","created":1},{"name":"Exit_logout_POS","id":"Exit_logout_POS","unicode":"ea51","created":1},{"name":"External_link_NEG","id":"External_link_NEG","unicode":"ea52","created":1},{"name":"External_link_POS","id":"External_link_POS","unicode":"ea53","created":1},{"name":"Eye_view_NEG","id":"Eye_view_NEG","unicode":"ea54","created":1},{"name":"Eye_view_POS","id":"Eye_view_POS","unicode":"ea55","created":1},{"name":"Eyedropper_NEG","id":"Eyedropper_NEG","unicode":"ea56","created":1},{"name":"Eyedropper_POS","id":"Eyedropper_POS","unicode":"ea57","created":1},{"name":"Factory_1_NEG","id":"Factory_1_NEG","unicode":"ea58","created":1},{"name":"Factory_1_POS","id":"Factory_1_POS","unicode":"ea59","created":1},{"name":"Factory_2_NEG","id":"Factory_2_NEG","unicode":"ea5a","created":1},{"name":"Factory_2_POS","id":"Factory_2_POS","unicode":"ea5b","created":1},{"name":"Fast_food_NEG","id":"Fast_food_NEG","unicode":"ea5c","created":1},{"name":"Fast_food_POS","id":"Fast_food_POS","unicode":"ea5d","created":1},{"name":"Fast_forward_NEG","id":"Fast_forward_NEG","unicode":"ea5e","created":1},{"name":"Fast_forward_POS","id":"Fast_forward_POS","unicode":"ea5f","created":1},{"name":"Faucet_water_NEG","id":"Faucet_water_NEG","unicode":"ea60","created":1},{"name":"Faucet_water_POS","id":"Faucet_water_POS","unicode":"ea61","created":1},{"name":"Fax_Machine_NEG","id":"Fax_Machine_NEG","unicode":"ea62","created":1},{"name":"Fax_Machine_POS","id":"Fax_Machine_POS","unicode":"ea63","created":1},{"name":"Feather_NEG","id":"Feather_NEG","unicode":"ea64","created":1},{"name":"Feather_POS","id":"Feather_POS","unicode":"ea65","created":1},{"name":"Female_Symbol_NEG","id":"Female_Symbol_NEG","unicode":"ea66","created":1},{"name":"Female_Symbol_POS","id":"Female_Symbol_POS","unicode":"ea67","created":1},{"name":"File_audio_1_NEG","id":"File_audio_1_NEG","unicode":"ea68","created":1},{"name":"File_audio_1_POS","id":"File_audio_1_POS","unicode":"ea69","created":1},{"name":"File_code_NEG","id":"File_code_NEG","unicode":"ea6a","created":1},{"name":"File_code_POS","id":"File_code_POS","unicode":"ea6b","created":1},{"name":"File_DOC_NEG","id":"File_DOC_NEG","unicode":"ea6c","created":1},{"name":"File_DOC_POS","id":"File_DOC_POS","unicode":"ea6d","created":1},{"name":"File_edit_NEG","id":"File_edit_NEG","unicode":"ea6e","created":1},{"name":"File_edit_POS","id":"File_edit_POS","unicode":"ea6f","created":1},{"name":"File_Movie_video_NEG","id":"File_Movie_video_NEG","unicode":"ea70","created":1},{"name":"File_Movie_video_POS","id":"File_Movie_video_POS","unicode":"ea71","created":1},{"name":"File_new_add_NEG","id":"File_new_add_NEG","unicode":"ea72","created":1},{"name":"File_new_add_POS","id":"File_new_add_POS","unicode":"ea73","created":1},{"name":"File_PDF_NEG","id":"File_PDF_NEG","unicode":"ea74","created":1},{"name":"File_PDF_POS","id":"File_PDF_POS","unicode":"ea75","created":1},{"name":"File_picture_image_NEG","id":"File_picture_image_NEG","unicode":"ea76","created":1},{"name":"File_picture_image_POS","id":"File_picture_image_POS","unicode":"ea77","created":1},{"name":"File_PPT_NEG","id":"File_PPT_NEG","unicode":"ea78","created":1},{"name":"File_PPT_POS","id":"File_PPT_POS","unicode":"ea79","created":1},{"name":"File_XLS_NEG","id":"File_XLS_NEG","unicode":"ea7a","created":1},{"name":"File_XLS_POS","id":"File_XLS_POS","unicode":"ea7b","created":1},{"name":"File_ZIP_NEG","id":"File_ZIP_NEG","unicode":"ea7c","created":1},{"name":"File_ZIP_POS","id":"File_ZIP_POS","unicode":"ea7d","created":1},{"name":"Filter_NEG","id":"Filter_NEG","unicode":"ea7e","created":1},{"name":"Filter_POS","id":"Filter_POS","unicode":"ea7f","created":1},{"name":"Finger_push_NEG","id":"Finger_push_NEG","unicode":"ea80","created":1},{"name":"Finger_push_POS","id":"Finger_push_POS","unicode":"ea81","created":1},{"name":"Fir_tree_NEG","id":"Fir_tree_NEG","unicode":"ea82","created":1},{"name":"Fir_tree_POS","id":"Fir_tree_POS","unicode":"ea83","created":1},{"name":"Fire_extinguisher_2_NEG","id":"Fire_extinguisher_2_NEG","unicode":"ea84","created":1},{"name":"Fire_extinguisher_2_POS","id":"Fire_extinguisher_2_POS","unicode":"ea85","created":1},{"name":"Fire_NEG","id":"Fire_NEG","unicode":"ea86","created":1},{"name":"Fire_POS","id":"Fire_POS","unicode":"ea87","created":1},{"name":"Fire_Stairs_NEG","id":"Fire_Stairs_NEG","unicode":"ea88","created":1},{"name":"Fire_Stairs_POS","id":"Fire_Stairs_POS","unicode":"ea89","created":1},{"name":"Fire_truck_NEG","id":"Fire_truck_NEG","unicode":"ea8a","created":1},{"name":"Fire_truck_POS","id":"Fire_truck_POS","unicode":"ea8b","created":1},{"name":"First_aid_kit_medicine_NEG","id":"First_aid_kit_medicine_NEG","unicode":"ea8c","created":1},{"name":"First_aid_kit_medicine_POS","id":"First_aid_kit_medicine_POS","unicode":"ea8d","created":1},{"name":"First_aid_medicine_NEG","id":"First_aid_medicine_NEG","unicode":"ea8e","created":1},{"name":"First_aid_medicine_POS","id":"First_aid_medicine_POS","unicode":"ea8f","created":1},{"name":"Fish_hook_NEG","id":"Fish_hook_NEG","unicode":"ea90","created":1},{"name":"Fish_hook_POS","id":"Fish_hook_POS","unicode":"ea91","created":1},{"name":"Flag_NEG","id":"Flag_NEG","unicode":"ea92","created":1},{"name":"Flag_POS","id":"Flag_POS","unicode":"ea93","created":1},{"name":"Flip_chart_easel_NEG","id":"Flip_chart_easel_NEG","unicode":"ea94","created":1},{"name":"Flip_chart_easel_POS","id":"Flip_chart_easel_POS","unicode":"ea95","created":1},{"name":"Flower_NEG","id":"Flower_NEG","unicode":"ea96","created":1},{"name":"Flower_POS","id":"Flower_POS","unicode":"ea97","created":1},{"name":"Folder_1_NEG","id":"Folder_1_NEG","unicode":"ea98","created":1},{"name":"Folder_1_POS","id":"Folder_1_POS","unicode":"ea99","created":1},{"name":"Folder_Incoming_NEG","id":"Folder_Incoming_NEG","unicode":"ea9a","created":1},{"name":"Folder_Incoming_POS","id":"Folder_Incoming_POS","unicode":"ea9b","created":1},{"name":"Folder_outgoing_NEG","id":"Folder_outgoing_NEG","unicode":"ea9c","created":1},{"name":"Folder_outgoing_POS","id":"Folder_outgoing_POS","unicode":"ea9d","created":1},{"name":"Folders_NEG","id":"Folders_NEG","unicode":"ea9e","created":1},{"name":"Folders_POS","id":"Folders_POS","unicode":"ea9f","created":1},{"name":"Football_NEG","id":"Football_NEG","unicode":"eaa0","created":1},{"name":"Football_POS","id":"Football_POS","unicode":"eaa1","created":1},{"name":"Fork_lift_truck_NEG","id":"Fork_lift_truck_NEG","unicode":"eaa2","created":1},{"name":"Fork_lift_truck_POS","id":"Fork_lift_truck_POS","unicode":"eaa3","created":1},{"name":"Forward_NEG","id":"Forward_NEG","unicode":"eaa4","created":1},{"name":"Forward_POS","id":"Forward_POS","unicode":"eaa5","created":1},{"name":"Frame_2_NEG","id":"Frame_2_NEG","unicode":"eaa6","created":1},{"name":"Frame_2_POS","id":"Frame_2_POS","unicode":"eaa7","created":1},{"name":"Frame_NEG","id":"Frame_NEG","unicode":"eaa8","created":1},{"name":"Frame_POS","id":"Frame_POS","unicode":"eaa9","created":1},{"name":"Gamepad_NEG","id":"Gamepad_NEG","unicode":"eaaa","created":1},{"name":"Gamepad_POS","id":"Gamepad_POS","unicode":"eaab","created":1},{"name":"Gavel_NEG","id":"Gavel_NEG","unicode":"eaac","created":1},{"name":"Gavel_POS","id":"Gavel_POS","unicode":"eaad","created":1},{"name":"Gesture_double_tap_NEG","id":"Gesture_double_tap_NEG","unicode":"eaae","created":1},{"name":"Gesture_double_tap_POS","id":"Gesture_double_tap_POS","unicode":"eaaf","created":1},{"name":"Gesture_hold_NEG","id":"Gesture_hold_NEG","unicode":"eab0","created":1},{"name":"Gesture_hold_POS","id":"Gesture_hold_POS","unicode":"eab1","created":1},{"name":"Gesture_move_NEG","id":"Gesture_move_NEG","unicode":"eab2","created":1},{"name":"Gesture_move_POS","id":"Gesture_move_POS","unicode":"eab3","created":1},{"name":"Gesture_pinch_NEG","id":"Gesture_pinch_NEG","unicode":"eab4","created":1},{"name":"Gesture_pinch_POS","id":"Gesture_pinch_POS","unicode":"eab5","created":1},{"name":"Gesture_rotate_NEG","id":"Gesture_rotate_NEG","unicode":"eab6","created":1},{"name":"Gesture_rotate_POS","id":"Gesture_rotate_POS","unicode":"eab7","created":1},{"name":"Gesture_swipe_left_NEG","id":"Gesture_swipe_left_NEG","unicode":"eab8","created":1},{"name":"Gesture_swipe_left_POS","id":"Gesture_swipe_left_POS","unicode":"eab9","created":1},{"name":"Gesture_swipe_NEG","id":"Gesture_swipe_NEG","unicode":"eaba","created":1},{"name":"Gesture_swipe_POS","id":"Gesture_swipe_POS","unicode":"eabb","created":1},{"name":"Gesture_swipe_right_NEG","id":"Gesture_swipe_right_NEG","unicode":"eabc","created":1},{"name":"Gesture_swipe_right_POS","id":"Gesture_swipe_right_POS","unicode":"eabd","created":1},{"name":"Gesture_tap_NEG","id":"Gesture_tap_NEG","unicode":"eabe","created":1},{"name":"Gesture_tap_POS","id":"Gesture_tap_POS","unicode":"eabf","created":1},{"name":"Gesture_touch_NEG","id":"Gesture_touch_NEG","unicode":"eac0","created":1},{"name":"Gesture_touch_POS","id":"Gesture_touch_POS","unicode":"eac1","created":1},{"name":"Gesture_two_finger_move_NEG","id":"Gesture_two_finger_move_NEG","unicode":"eac2","created":1},{"name":"Gesture_two_finger_move_POS","id":"Gesture_two_finger_move_POS","unicode":"eac3","created":1},{"name":"Gesture_two_finger_swipe_left_NEG","id":"Gesture_two_finger_swipe_left_NEG","unicode":"eac4","created":1},{"name":"Gesture_two_finger_swipe_left_POS","id":"Gesture_two_finger_swipe_left_POS","unicode":"eac5","created":1},{"name":"Gesture_two_finger_swipe_right_NEG","id":"Gesture_two_finger_swipe_right_NEG","unicode":"eac6","created":1},{"name":"Gesture_two_finger_swipe_right_POS","id":"Gesture_two_finger_swipe_right_POS","unicode":"eac7","created":1},{"name":"Gesture_two_finger_tap_NEG","id":"Gesture_two_finger_tap_NEG","unicode":"eac8","created":1},{"name":"Gesture_two_finger_tap_POS","id":"Gesture_two_finger_tap_POS","unicode":"eac9","created":1},{"name":"Gesture_zoom_in_NEG","id":"Gesture_zoom_in_NEG","unicode":"eaca","created":1},{"name":"Gesture_zoom_in_POS","id":"Gesture_zoom_in_POS","unicode":"eacb","created":1},{"name":"Gesture_zoom_out_NEG","id":"Gesture_zoom_out_NEG","unicode":"eacc","created":1},{"name":"Gesture_zoom_out_POS","id":"Gesture_zoom_out_POS","unicode":"eacd","created":1},{"name":"Gift_NEG","id":"Gift_NEG","unicode":"eace","created":1},{"name":"Gift_POS","id":"Gift_POS","unicode":"eacf","created":1},{"name":"glasses_NEG","id":"glasses_NEG","unicode":"ead0","created":1},{"name":"glasses_POS","id":"glasses_POS","unicode":"ead1","created":1},{"name":"Globe_NEG","id":"Globe_NEG","unicode":"ead2","created":1},{"name":"Globe_POS","id":"Globe_POS","unicode":"ead3","created":1},{"name":"Globe_with_stand_NEG","id":"Globe_with_stand_NEG","unicode":"ead4","created":1},{"name":"Globe_with_stand_POS","id":"Globe_with_stand_POS","unicode":"ead5","created":1},{"name":"Government_NEG","id":"Government_NEG","unicode":"ead6","created":1},{"name":"Government_POS","id":"Government_POS","unicode":"ead7","created":1},{"name":"Grid_NEG","id":"Grid_NEG","unicode":"ead8","created":1},{"name":"Grid_POS","id":"Grid_POS","unicode":"ead9","created":1},{"name":"Gym_sport_NEG","id":"Gym_sport_NEG","unicode":"eada","created":1},{"name":"Gym_sport_POS","id":"Gym_sport_POS","unicode":"eadb","created":1},{"name":"Hail_NEG","id":"Hail_NEG","unicode":"eadc","created":1},{"name":"Hail_POS","id":"Hail_POS","unicode":"eadd","created":1},{"name":"Hammer_NEG","id":"Hammer_NEG","unicode":"eade","created":1},{"name":"Hammer_POS","id":"Hammer_POS","unicode":"eadf","created":1},{"name":"Hand_grab_NEG","id":"Hand_grab_NEG","unicode":"eae0","created":1},{"name":"Hand_grab_POS","id":"Hand_grab_POS","unicode":"eae1","created":1},{"name":"Hand_pointing_down_NEG","id":"Hand_pointing_down_NEG","unicode":"eae2","created":1},{"name":"Hand_pointing_down_POS","id":"Hand_pointing_down_POS","unicode":"eae3","created":1},{"name":"Hand_pointing_left_NEG","id":"Hand_pointing_left_NEG","unicode":"eae4","created":1},{"name":"Hand_pointing_left_POS","id":"Hand_pointing_left_POS","unicode":"eae5","created":1},{"name":"Hand_pointing_right_NEG","id":"Hand_pointing_right_NEG","unicode":"eae6","created":1},{"name":"Hand_pointing_right_POS","id":"Hand_pointing_right_POS","unicode":"eae7","created":1},{"name":"Hand_pointing_up_NEG","id":"Hand_pointing_up_NEG","unicode":"eae8","created":1},{"name":"Hand_pointing_up_POS","id":"Hand_pointing_up_POS","unicode":"eae9","created":1},{"name":"Hand_shake_NEG","id":"Hand_shake_NEG","unicode":"eaea","created":1},{"name":"Hand_shake_POS","id":"Hand_shake_POS","unicode":"eaeb","created":1},{"name":"Hashtag_NEG","id":"Hashtag_NEG","unicode":"eaec","created":1},{"name":"Hashtag_POS","id":"Hashtag_POS","unicode":"eaed","created":1},{"name":"HDD_NEG","id":"HDD_NEG","unicode":"eaee","created":1},{"name":"HDD_POS","id":"HDD_POS","unicode":"eaef","created":1},{"name":"Headphones_NEG","id":"Headphones_NEG","unicode":"eaf0","created":1},{"name":"Headphones_POS","id":"Headphones_POS","unicode":"eaf1","created":1},{"name":"Headset_NEG","id":"Headset_NEG","unicode":"eaf2","created":1},{"name":"Headset_POS","id":"Headset_POS","unicode":"eaf3","created":1},{"name":"Heart_NEG","id":"Heart_NEG","unicode":"eaf4","created":1},{"name":"Heart_POS","id":"Heart_POS","unicode":"eaf5","created":1},{"name":"Heartrate_NEG","id":"Heartrate_NEG","unicode":"eaf6","created":1},{"name":"Heartrate_POS","id":"Heartrate_POS","unicode":"eaf7","created":1},{"name":"Heavy_rain_NEG","id":"Heavy_rain_NEG","unicode":"eaf8","created":1},{"name":"Heavy_rain_POS","id":"Heavy_rain_POS","unicode":"eaf9","created":1},{"name":"Helmet_mining_NEG","id":"Helmet_mining_NEG","unicode":"eafa","created":1},{"name":"Helmet_mining_POS","id":"Helmet_mining_POS","unicode":"eafb","created":1},{"name":"Helmet_NEG","id":"Helmet_NEG","unicode":"eafc","created":1},{"name":"Helmet_POS","id":"Helmet_POS","unicode":"eafd","created":1},{"name":"HGV_car_truck_NEG","id":"HGV_car_truck_NEG","unicode":"eafe","created":1},{"name":"HGV_car_truck_POS","id":"HGV_car_truck_POS","unicode":"eaff","created":1},{"name":"Hifi_speaker_audio_NEG","id":"Hifi_speaker_audio_NEG","unicode":"eb00","created":1},{"name":"Hifi_speaker_audio_POS","id":"Hifi_speaker_audio_POS","unicode":"eb01","created":1},{"name":"History_globe_NEG","id":"History_globe_NEG","unicode":"eb02","created":1},{"name":"History_globe_POS","id":"History_globe_POS","unicode":"eb03","created":1},{"name":"Home_house_NEG","id":"Home_house_NEG","unicode":"eb04","created":1},{"name":"Home_house_POS","id":"Home_house_POS","unicode":"eb05","created":1},{"name":"Hospital_NEG","id":"Hospital_NEG","unicode":"eb06","created":1},{"name":"Hospital_POS","id":"Hospital_POS","unicode":"eb07","created":1},{"name":"House_home_NEG","id":"House_home_NEG","unicode":"eb08","created":1},{"name":"House_home_POS","id":"House_home_POS","unicode":"eb09","created":1},{"name":"Houses_home_NEG","id":"Houses_home_NEG","unicode":"eb0a","created":1},{"name":"Houses_home_POS","id":"Houses_home_POS","unicode":"eb0b","created":1},{"name":"ID_card_profile_NEG","id":"ID_card_profile_NEG","unicode":"eb0c","created":1},{"name":"ID_card_profile_POS","id":"ID_card_profile_POS","unicode":"eb0d","created":1},{"name":"Inbox_NEG","id":"Inbox_NEG","unicode":"eb0e","created":1},{"name":"Inbox_POS","id":"Inbox_POS","unicode":"eb0f","created":1},{"name":"Increase_1_arrow_NEG","id":"Increase_1_arrow_NEG","unicode":"eb10","created":1},{"name":"Increase_1_arrow_POS","id":"Increase_1_arrow_POS","unicode":"eb11","created":1},{"name":"Increase_2_arrow_NEG","id":"Increase_2_arrow_NEG","unicode":"eb12","created":1},{"name":"Increase_2_arrow_POS","id":"Increase_2_arrow_POS","unicode":"eb13","created":1},{"name":"Increase_3_arrow_NEG","id":"Increase_3_arrow_NEG","unicode":"eb14","created":1},{"name":"Increase_3_arrow_POS","id":"Increase_3_arrow_POS","unicode":"eb15","created":1},{"name":"Increase_4_arrow_NEG","id":"Increase_4_arrow_NEG","unicode":"eb16","created":1},{"name":"Increase_4_arrow_POS","id":"Increase_4_arrow_POS","unicode":"eb17","created":1},{"name":"Increase_5_arrow_NEG","id":"Increase_5_arrow_NEG","unicode":"eb18","created":1},{"name":"Increase_5_arrow_POS","id":"Increase_5_arrow_POS","unicode":"eb19","created":1},{"name":"Infinity_loop_NEG","id":"Infinity_loop_NEG","unicode":"eb1a","created":1},{"name":"Infinity_loop_POS","id":"Infinity_loop_POS","unicode":"eb1b","created":1},{"name":"Information_NEG","id":"Information_NEG","unicode":"eb1c","created":1},{"name":"Information_POS","id":"Information_POS","unicode":"eb1d","created":1},{"name":"Kennel_NEG","id":"Kennel_NEG","unicode":"eb1e","created":1},{"name":"Kennel_POS","id":"Kennel_POS","unicode":"eb1f","created":1},{"name":"Key_1_NEG","id":"Key_1_NEG","unicode":"eb20","created":1},{"name":"Key_1_POS","id":"Key_1_POS","unicode":"eb21","created":1},{"name":"Key_2_NEG","id":"Key_2_NEG","unicode":"eb22","created":1},{"name":"Key_2_POS","id":"Key_2_POS","unicode":"eb23","created":1},{"name":"Keyboard_NEG","id":"Keyboard_NEG","unicode":"eb24","created":1},{"name":"Keyboard_POS","id":"Keyboard_POS","unicode":"eb25","created":1},{"name":"Ladder_NEG","id":"Ladder_NEG","unicode":"eb26","created":1},{"name":"Ladder_POS","id":"Ladder_POS","unicode":"eb27","created":1},{"name":"Laptop_monitor_display_NEG","id":"Laptop_monitor_display_NEG","unicode":"eb28","created":1},{"name":"Laptop_monitor_display_POS","id":"Laptop_monitor_display_POS","unicode":"eb29","created":1},{"name":"Leaf_NEG","id":"Leaf_NEG","unicode":"eb2a","created":1},{"name":"Leaf_POS","id":"Leaf_POS","unicode":"eb2b","created":1},{"name":"Life_buoy_NEG","id":"Life_buoy_NEG","unicode":"eb2c","created":1},{"name":"Life_buoy_POS","id":"Life_buoy_POS","unicode":"eb2d","created":1},{"name":"Light_rain_NEG","id":"Light_rain_NEG","unicode":"eb2e","created":1},{"name":"Light_rain_POS","id":"Light_rain_POS","unicode":"eb2f","created":1},{"name":"Lightbulb_energy_lamp_NEG","id":"Lightbulb_energy_lamp_NEG","unicode":"eb30","created":1},{"name":"Lightbulb_energy_lamp_POS","id":"Lightbulb_energy_lamp_POS","unicode":"eb31","created":1},{"name":"Lightbulb_lamp_NEG","id":"Lightbulb_lamp_NEG","unicode":"eb32","created":1},{"name":"Lightbulb_lamp_POS","id":"Lightbulb_lamp_POS","unicode":"eb33","created":1},{"name":"Lighthouse_NEG","id":"Lighthouse_NEG","unicode":"eb34","created":1},{"name":"Lighthouse_POS","id":"Lighthouse_POS","unicode":"eb35","created":1},{"name":"Lightning_bolt_NEG","id":"Lightning_bolt_NEG","unicode":"eb36","created":1},{"name":"Lightning_bolt_POS","id":"Lightning_bolt_POS","unicode":"eb37","created":1},{"name":"Lightning_NEG","id":"Lightning_NEG","unicode":"eb38","created":1},{"name":"Lightning_POS","id":"Lightning_POS","unicode":"eb39","created":1},{"name":"Like_NEG","id":"Like_NEG","unicode":"eb3a","created":1},{"name":"Like_POS","id":"Like_POS","unicode":"eb3b","created":1},{"name":"Line_graph_chart_NEG","id":"Line_graph_chart_NEG","unicode":"eb3c","created":1},{"name":"Line_graph_chart_POS","id":"Line_graph_chart_POS","unicode":"eb3d","created":1},{"name":"Link_NEG","id":"Link_NEG","unicode":"eb3e","created":1},{"name":"Link_POS","id":"Link_POS","unicode":"eb3f","created":1},{"name":"List_2_NEG","id":"List_2_NEG","unicode":"eb40","created":1},{"name":"List_2_POS","id":"List_2_POS","unicode":"eb41","created":1},{"name":"List_NEG","id":"List_NEG","unicode":"eb42","created":1},{"name":"List_POS","id":"List_POS","unicode":"eb43","created":1},{"name":"Lock_NEG","id":"Lock_NEG","unicode":"eb44","created":1},{"name":"Lock_POS","id":"Lock_POS","unicode":"eb45","created":1},{"name":"Loudhailer_speaker_NEG","id":"Loudhailer_speaker_NEG","unicode":"eb46","created":1},{"name":"Loudhailer_speaker_POS","id":"Loudhailer_speaker_POS","unicode":"eb47","created":1},{"name":"Magic_NEG","id":"Magic_NEG","unicode":"eb48","created":1},{"name":"Magic_POS","id":"Magic_POS","unicode":"eb49","created":1},{"name":"Magnet_1_NEG","id":"Magnet_1_NEG","unicode":"eb4a","created":1},{"name":"Magnet_1_POS","id":"Magnet_1_POS","unicode":"eb4b","created":1},{"name":"Magnet_2_NEG","id":"Magnet_2_NEG","unicode":"eb4c","created":1},{"name":"Magnet_2_POS","id":"Magnet_2_POS","unicode":"eb4d","created":1},{"name":"Mail_closed_NEG","id":"Mail_closed_NEG","unicode":"eb4e","created":1},{"name":"Mail_closed_POS","id":"Mail_closed_POS","unicode":"eb4f","created":1},{"name":"Mail_empty_NEG","id":"Mail_empty_NEG","unicode":"eb50","created":1},{"name":"Mail_empty_POS","id":"Mail_empty_POS","unicode":"eb51","created":1},{"name":"Mail_full_NEG","id":"Mail_full_NEG","unicode":"eb52","created":1},{"name":"Mail_full_POS","id":"Mail_full_POS","unicode":"eb53","created":1},{"name":"Mail_in_NEG","id":"Mail_in_NEG","unicode":"eb54","created":1},{"name":"Mail_in_POS","id":"Mail_in_POS","unicode":"eb55","created":1},{"name":"Mail_out_NEG","id":"Mail_out_NEG","unicode":"eb56","created":1},{"name":"Mail_out_POS","id":"Mail_out_POS","unicode":"eb57","created":1},{"name":"Male_female_symbol_NEG","id":"Male_female_symbol_NEG","unicode":"eb58","created":1},{"name":"Male_female_symbol_POS","id":"Male_female_symbol_POS","unicode":"eb59","created":1},{"name":"Male_Symbol_NEG","id":"Male_Symbol_NEG","unicode":"eb5a","created":1},{"name":"Male_Symbol_POS","id":"Male_Symbol_POS","unicode":"eb5b","created":1},{"name":"Man_NEG","id":"Man_NEG","unicode":"eb5c","created":1},{"name":"Man_POS","id":"Man_POS","unicode":"eb5d","created":1},{"name":"Man_silhouette_user_NEG","id":"Man_silhouette_user_NEG","unicode":"eb5e","created":1},{"name":"Man_silhouette_user_POS","id":"Man_silhouette_user_POS","unicode":"eb5f","created":1},{"name":"Man_woman_NEG","id":"Man_woman_NEG","unicode":"eb60","created":1},{"name":"Man_woman_POS","id":"Man_woman_POS","unicode":"eb61","created":1},{"name":"Map_NEG","id":"Map_NEG","unicode":"eb62","created":1},{"name":"Map_POS","id":"Map_POS","unicode":"eb63","created":1},{"name":"Martini_glass_NEG","id":"Martini_glass_NEG","unicode":"eb64","created":1},{"name":"Martini_glass_POS","id":"Martini_glass_POS","unicode":"eb65","created":1},{"name":"Mathematics_calculator_NEG","id":"Mathematics_calculator_NEG","unicode":"eb66","created":1},{"name":"Mathematics_calculator_POS","id":"Mathematics_calculator_POS","unicode":"eb67","created":1},{"name":"Maze_labyrinth_NEG","id":"Maze_labyrinth_NEG","unicode":"eb68","created":1},{"name":"Maze_labyrinth_POS","id":"Maze_labyrinth_POS","unicode":"eb69","created":1},{"name":"Medical_star_of_life_NEG","id":"Medical_star_of_life_NEG","unicode":"eb6a","created":1},{"name":"Medical_star_of_life_POS","id":"Medical_star_of_life_POS","unicode":"eb6b","created":1},{"name":"Meeting_conference_NEG","id":"Meeting_conference_NEG","unicode":"eb6c","created":1},{"name":"Meeting_conference_POS","id":"Meeting_conference_POS","unicode":"eb6d","created":1},{"name":"Merge_NEG","id":"Merge_NEG","unicode":"eb6e","created":1},{"name":"Merge_POS","id":"Merge_POS","unicode":"eb6f","created":1},{"name":"Microchip_NEG","id":"Microchip_NEG","unicode":"eb70","created":1},{"name":"Microchip_POS","id":"Microchip_POS","unicode":"eb71","created":1},{"name":"Microphone_1_NEG","id":"Microphone_1_NEG","unicode":"eb72","created":1},{"name":"Microphone_1_POS","id":"Microphone_1_POS","unicode":"eb73","created":1},{"name":"Microphone_2_NEG","id":"Microphone_2_NEG","unicode":"eb74","created":1},{"name":"Microphone_2_POS","id":"Microphone_2_POS","unicode":"eb75","created":1},{"name":"Microphone_3_NEG","id":"Microphone_3_NEG","unicode":"eb76","created":1},{"name":"Microphone_3_POS","id":"Microphone_3_POS","unicode":"eb77","created":1},{"name":"Microscope_NEG","id":"Microscope_NEG","unicode":"eb78","created":1},{"name":"Microscope_POS","id":"Microscope_POS","unicode":"eb79","created":1},{"name":"Minus_NEG","id":"Minus_NEG","unicode":"eb7a","created":1},{"name":"Minus_POS","id":"Minus_POS","unicode":"eb7b","created":1},{"name":"Mobile_pay_NEG","id":"Mobile_pay_NEG","unicode":"eb7c","created":1},{"name":"Mobile_pay_POS","id":"Mobile_pay_POS","unicode":"eb7d","created":1},{"name":"Mobile_phone_NEG","id":"Mobile_phone_NEG","unicode":"eb7e","created":1},{"name":"Mobile_phone_POS","id":"Mobile_phone_POS","unicode":"eb7f","created":1},{"name":"Money_bag_NEG","id":"Money_bag_NEG","unicode":"eb80","created":1},{"name":"Money_bag_POS","id":"Money_bag_POS","unicode":"eb81","created":1},{"name":"Moon_NEG","id":"Moon_NEG","unicode":"eb82","created":1},{"name":"Moon_POS","id":"Moon_POS","unicode":"eb83","created":1},{"name":"Mortarboard_education_NEG","id":"Mortarboard_education_NEG","unicode":"eb84","created":1},{"name":"Mortarboard_education_POS","id":"Mortarboard_education_POS","unicode":"eb85","created":1},{"name":"Mouse_NEG","id":"Mouse_NEG","unicode":"eb86","created":1},{"name":"Mouse_POS","id":"Mouse_POS","unicode":"eb87","created":1},{"name":"Movie_clip_video_NEG","id":"Movie_clip_video_NEG","unicode":"eb88","created":1},{"name":"Movie_clip_video_POS","id":"Movie_clip_video_POS","unicode":"eb89","created":1},{"name":"Movie_reel_video_NEG","id":"Movie_reel_video_NEG","unicode":"eb8a","created":1},{"name":"Movie_reel_video_POS","id":"Movie_reel_video_POS","unicode":"eb8b","created":1},{"name":"Music_NEG","id":"Music_NEG","unicode":"eb8c","created":1},{"name":"Music_POS","id":"Music_POS","unicode":"eb8d","created":1},{"name":"Navigation_1_pin_location_NEG","id":"Navigation_1_pin_location_NEG","unicode":"eb8e","created":1},{"name":"Navigation_1_pin_location_POS","id":"Navigation_1_pin_location_POS","unicode":"eb8f","created":1},{"name":"Navigation_2_NEG","id":"Navigation_2_NEG","unicode":"eb90","created":1},{"name":"Navigation_2_POS","id":"Navigation_2_POS","unicode":"eb91","created":1},{"name":"Newspaper_NEG","id":"Newspaper_NEG","unicode":"eb92","created":1},{"name":"Newspaper_POS","id":"Newspaper_POS","unicode":"eb93","created":1},{"name":"No_entry_NEG","id":"No_entry_NEG","unicode":"eb94","created":1},{"name":"No_entry_POS","id":"No_entry_POS","unicode":"eb95","created":1},{"name":"No_smoking_NEG","id":"No_smoking_NEG","unicode":"eb96","created":1},{"name":"No_smoking_POS","id":"No_smoking_POS","unicode":"eb97","created":1},{"name":"Non_visable_disable_eye_NEG","id":"Non_visable_disable_eye_NEG","unicode":"eb98","created":1},{"name":"Non_visable_disable_eye_POS","id":"Non_visable_disable_eye_POS","unicode":"eb99","created":1},{"name":"Object_group_NEG","id":"Object_group_NEG","unicode":"eb9a","created":1},{"name":"Object_group_POS","id":"Object_group_POS","unicode":"eb9b","created":1},{"name":"Object_ungroup_NEG","id":"Object_ungroup_NEG","unicode":"eb9c","created":1},{"name":"Object_ungroup_POS","id":"Object_ungroup_POS","unicode":"eb9d","created":1},{"name":"Office_1_NEG","id":"Office_1_NEG","unicode":"eb9e","created":1},{"name":"Office_1_POS","id":"Office_1_POS","unicode":"eb9f","created":1},{"name":"Office_2_NEG","id":"Office_2_NEG","unicode":"eba0","created":1},{"name":"Office_2_POS","id":"Office_2_POS","unicode":"eba1","created":1},{"name":"Office_3_NEG","id":"Office_3_NEG","unicode":"eba2","created":1},{"name":"Office_3_POS","id":"Office_3_POS","unicode":"eba3","created":1},{"name":"Office_4_NEG","id":"Office_4_NEG","unicode":"eba4","created":1},{"name":"Office_4_POS","id":"Office_4_POS","unicode":"eba5","created":1},{"name":"Office_5_NEG","id":"Office_5_NEG","unicode":"eba6","created":1},{"name":"Office_5_POS","id":"Office_5_POS","unicode":"eba7","created":1},{"name":"Office_locator_globe_NEG","id":"Office_locator_globe_NEG","unicode":"eba8","created":1},{"name":"Office_locator_globe_POS","id":"Office_locator_globe_POS","unicode":"eba9","created":1},{"name":"Oil_barrel_NEG","id":"Oil_barrel_NEG","unicode":"ebaa","created":1},{"name":"Oil_barrel_POS","id":"Oil_barrel_POS","unicode":"ebab","created":1},{"name":"Oil_derrick_NEG","id":"Oil_derrick_NEG","unicode":"ebac","created":1},{"name":"Oil_derrick_POS","id":"Oil_derrick_POS","unicode":"ebad","created":1},{"name":"Open_box_NEG","id":"Open_box_NEG","unicode":"ebae","created":1},{"name":"Open_box_POS","id":"Open_box_POS","unicode":"ebaf","created":1},{"name":"Open_folder_NEG","id":"Open_folder_NEG","unicode":"ebb0","created":1},{"name":"Open_folder_POS","id":"Open_folder_POS","unicode":"ebb1","created":1},{"name":"Options_blocks_NEG","id":"Options_blocks_NEG","unicode":"ebb2","created":1},{"name":"Options_blocks_POS","id":"Options_blocks_POS","unicode":"ebb3","created":1},{"name":"Org_chart_NEG","id":"Org_chart_NEG","unicode":"ebb4","created":1},{"name":"Org_chart_POS","id":"Org_chart_POS","unicode":"ebb5","created":1},{"name":"Overcast_NEG","id":"Overcast_NEG","unicode":"ebb6","created":1},{"name":"Overcast_POS","id":"Overcast_POS","unicode":"ebb7","created":1},{"name":"Owl_NEG","id":"Owl_NEG","unicode":"ebb8","created":1},{"name":"Owl_POS","id":"Owl_POS","unicode":"ebb9","created":1},{"name":"Pacifier_NEG","id":"Pacifier_NEG","unicode":"ebba","created":1},{"name":"Pacifier_POS","id":"Pacifier_POS","unicode":"ebbb","created":1},{"name":"Package_box_NEG","id":"Package_box_NEG","unicode":"ebbc","created":1},{"name":"Package_box_POS","id":"Package_box_POS","unicode":"ebbd","created":1},{"name":"Paint_palette_NEG","id":"Paint_palette_NEG","unicode":"ebbe","created":1},{"name":"Paint_palette_POS","id":"Paint_palette_POS","unicode":"ebbf","created":1},{"name":"Paintbrush_NEG","id":"Paintbrush_NEG","unicode":"ebc0","created":1},{"name":"Paintbrush_POS","id":"Paintbrush_POS","unicode":"ebc1","created":1},{"name":"Paper_plane_NEG","id":"Paper_plane_NEG","unicode":"ebc2","created":1},{"name":"Paper_plane_POS","id":"Paper_plane_POS","unicode":"ebc3","created":1},{"name":"Paperclip_NEG","id":"Paperclip_NEG","unicode":"ebc4","created":1},{"name":"Paperclip_POS","id":"Paperclip_POS","unicode":"ebc5","created":1},{"name":"Paragraph_NEG","id":"Paragraph_NEG","unicode":"ebc6","created":1},{"name":"Paragraph_POS","id":"Paragraph_POS","unicode":"ebc7","created":1},{"name":"Paste_clipboard_NEG","id":"Paste_clipboard_NEG","unicode":"ebc8","created":1},{"name":"Paste_clipboard_POS","id":"Paste_clipboard_POS","unicode":"ebc9","created":1},{"name":"Pause_NEG","id":"Pause_NEG","unicode":"ebca","created":1},{"name":"Pause_POS","id":"Pause_POS","unicode":"ebcb","created":1},{"name":"Paw_print_NEG","id":"Paw_print_NEG","unicode":"ebcc","created":1},{"name":"Paw_print_POS","id":"Paw_print_POS","unicode":"ebcd","created":1},{"name":"Pen_NEG","id":"Pen_NEG","unicode":"ebce","created":1},{"name":"Pen_POS","id":"Pen_POS","unicode":"ebcf","created":1},{"name":"Pencil_edit_NEG","id":"Pencil_edit_NEG","unicode":"ebd0","created":1},{"name":"Pencil_edit_POS","id":"Pencil_edit_POS","unicode":"ebd1","created":1},{"name":"Percent_NEG","id":"Percent_NEG","unicode":"ebd2","created":1},{"name":"Percent_POS","id":"Percent_POS","unicode":"ebd3","created":1},{"name":"Pestle_and_mortar_NEG","id":"Pestle_and_mortar_NEG","unicode":"ebd4","created":1},{"name":"Pestle_and_mortar_POS","id":"Pestle_and_mortar_POS","unicode":"ebd5","created":1},{"name":"Petrol_can_NEG","id":"Petrol_can_NEG","unicode":"ebd6","created":1},{"name":"Petrol_can_POS","id":"Petrol_can_POS","unicode":"ebd7","created":1},{"name":"Petrol_pump_NEG","id":"Petrol_pump_NEG","unicode":"ebd8","created":1},{"name":"icon730","id":"icon730","unicode":"ebd9","created":1},{"name":"icon731","id":"icon731","unicode":"ebda","created":1},{"name":"Phone_NEG","id":"Phone_NEG","unicode":"ebdb","created":1},{"name":"Phone_POS","id":"Phone_POS","unicode":"ebdc","created":1},{"name":"Picture_image_NEG","id":"Picture_image_NEG","unicode":"ebdd","created":1},{"name":"Picture_image_POS","id":"Picture_image_POS","unicode":"ebde","created":1},{"name":"Pie_chart_1_NEG","id":"Pie_chart_1_NEG","unicode":"ebdf","created":1},{"name":"Pie_chart_1_POS","id":"Pie_chart_1_POS","unicode":"ebe0","created":1},{"name":"Pie_chart_2_NEG","id":"Pie_chart_2_NEG","unicode":"ebe1","created":1},{"name":"Pie_chart_2_POS","id":"Pie_chart_2_POS","unicode":"ebe2","created":1},{"name":"Piggy_bank_NEG","id":"Piggy_bank_NEG","unicode":"ebe3","created":1},{"name":"Piggy_bank_POS","id":"Piggy_bank_POS","unicode":"ebe4","created":1},{"name":"Pill_bottle_NEG","id":"Pill_bottle_NEG","unicode":"ebe5","created":1},{"name":"Pill_bottle_POS","id":"Pill_bottle_POS","unicode":"ebe6","created":1},{"name":"Pill_NEG","id":"Pill_NEG","unicode":"ebe7","created":1},{"name":"Pill_POS","id":"Pill_POS","unicode":"ebe8","created":1},{"name":"Pin_map_NEG","id":"Pin_map_NEG","unicode":"ebe9","created":1},{"name":"Pin_map_POS","id":"Pin_map_POS","unicode":"ebea","created":1},{"name":"Plane_1_NEG","id":"Plane_1_NEG","unicode":"ebeb","created":1},{"name":"Plane_1_POS","id":"Plane_1_POS","unicode":"ebec","created":1},{"name":"Planet_NEG","id":"Planet_NEG","unicode":"ebed","created":1},{"name":"Planet_POS","id":"Planet_POS","unicode":"ebee","created":1},{"name":"Play_NEG","id":"Play_NEG","unicode":"ebef","created":1},{"name":"Play_POS","id":"Play_POS","unicode":"ebf0","created":1},{"name":"Plot_graph_chart_NEG","id":"Plot_graph_chart_NEG","unicode":"ebf1","created":1},{"name":"Plot_graph_chart_POS","id":"Plot_graph_chart_POS","unicode":"ebf2","created":1},{"name":"Plug_US_NEG","id":"Plug_US_NEG","unicode":"ebf3","created":1},{"name":"Plug_US_POS","id":"Plug_US_POS","unicode":"ebf4","created":1},{"name":"Plus_NEG","id":"Plus_NEG","unicode":"ebf5","created":1},{"name":"Plus_POS","id":"Plus_POS","unicode":"ebf6","created":1},{"name":"Podcast_NEG","id":"Podcast_NEG","unicode":"ebf7","created":1},{"name":"Podcast_POS","id":"Podcast_POS","unicode":"ebf8","created":1},{"name":"Pound_NEG","id":"Pound_NEG","unicode":"ebf9","created":1},{"name":"Pound_POS","id":"Pound_POS","unicode":"ebfa","created":1},{"name":"Power_exit_NEG","id":"Power_exit_NEG","unicode":"ebfb","created":1},{"name":"Power_exit_POS","id":"Power_exit_POS","unicode":"ebfc","created":1},{"name":"Power_socket_UK_NEG","id":"Power_socket_UK_NEG","unicode":"ebfd","created":1},{"name":"Power_socket_UK_POS","id":"Power_socket_UK_POS","unicode":"ebfe","created":1},{"name":"Power_socket_US_NEG","id":"Power_socket_US_NEG","unicode":"ebff","created":1},{"name":"Power_socket_US_POS","id":"Power_socket_US_POS","unicode":"ec00","created":1},{"name":"Presentation_comment_NEG","id":"Presentation_comment_NEG","unicode":"ec01","created":1},{"name":"Presentation_comment_POS","id":"Presentation_comment_POS","unicode":"ec02","created":1},{"name":"Printer_NEG","id":"Printer_NEG","unicode":"ec03","created":1},{"name":"Printer_POS","id":"Printer_POS","unicode":"ec04","created":1},{"name":"Profile_2_user_NEG","id":"Profile_2_user_NEG","unicode":"ec05","created":1},{"name":"Profile_2_POS","id":"Profile_2_POS","unicode":"ec06","created":1},{"name":"Profile_user_NEG","id":"Profile_user_NEG","unicode":"ec07","created":1},{"name":"Profile_user_POS","id":"Profile_user_POS","unicode":"ec08","created":1},{"name":"Propeller_NEG","id":"Propeller_NEG","unicode":"ec09","created":1},{"name":"Propeller_POS","id":"Propeller_POS","unicode":"ec0a","created":1},{"name":"Public_Building_NEG","id":"Public_Building_NEG","unicode":"ec0b","created":1},{"name":"Public_Building_POS","id":"Public_Building_POS","unicode":"ec0c","created":1},{"name":"Push_chair_NEG","id":"Push_chair_NEG","unicode":"ec0d","created":1},{"name":"Push_chair_POS","id":"Push_chair_POS","unicode":"ec0e","created":1},{"name":"Push_pin_NEG","id":"Push_pin_NEG","unicode":"ec0f","created":1},{"name":"Push_pin_POS","id":"Push_pin_POS","unicode":"ec10","created":1},{"name":"Puzzle_NEG","id":"Puzzle_NEG","unicode":"ec11","created":1},{"name":"Puzzle_POS","id":"Puzzle_POS","unicode":"ec12","created":1},{"name":"QR_code_NEG","id":"QR_code_NEG","unicode":"ec13","created":1},{"name":"QR_code_POS","id":"QR_code_POS","unicode":"ec14","created":1},{"name":"Question_mark_NEG","id":"Question_mark_NEG","unicode":"ec15","created":1},{"name":"Question_mark_POS","id":"Question_mark_POS","unicode":"ec16","created":1},{"name":"Quote_marks_2_NEG","id":"Quote_marks_2_NEG","unicode":"ec17","created":1},{"name":"Quote_marks_2_POS","id":"Quote_marks_2_POS","unicode":"ec18","created":1},{"name":"Quote_marks_NEG","id":"Quote_marks_NEG","unicode":"ec19","created":1},{"name":"Quote_marks_POS","id":"Quote_marks_POS","unicode":"ec1a","created":1},{"name":"Rabbit_NEG","id":"Rabbit_NEG","unicode":"ec1b","created":1},{"name":"Rabbit_POS","id":"Rabbit_POS","unicode":"ec1c","created":1},{"name":"Radar_NEG","id":"Radar_NEG","unicode":"ec1d","created":1},{"name":"Radar_POS","id":"Radar_POS","unicode":"ec1e","created":1},{"name":"Radio_NEG","id":"Radio_NEG","unicode":"ec1f","created":1},{"name":"Radio_POS","id":"Radio_POS","unicode":"ec20","created":1},{"name":"Rail_bridge_NEG","id":"Rail_bridge_NEG","unicode":"ec21","created":1},{"name":"Rail_bridge_POS","id":"Rail_bridge_POS","unicode":"ec22","created":1},{"name":"Rainbow_NEG","id":"Rainbow_NEG","unicode":"ec23","created":1},{"name":"Rainbow_POS","id":"Rainbow_POS","unicode":"ec24","created":1},{"name":"Realtor_sign_NEG","id":"Realtor_sign_NEG","unicode":"ec25","created":1},{"name":"Realtor_sign_POS","id":"Realtor_sign_POS","unicode":"ec26","created":1},{"name":"Record_NEG","id":"Record_NEG","unicode":"ec27","created":1},{"name":"Record_POS","id":"Record_POS","unicode":"ec28","created":1},{"name":"Recycle_NEG","id":"Recycle_NEG","unicode":"ec29","created":1},{"name":"Recycle_POS","id":"Recycle_POS","unicode":"ec2a","created":1},{"name":"Refresh_arrow_NEG","id":"Refresh_arrow_NEG","unicode":"ec2b","created":1},{"name":"Refresh_arrow_POS","id":"Refresh_arrow_POS","unicode":"ec2c","created":1},{"name":"Reply_all_NEG","id":"Reply_all_NEG","unicode":"ec2d","created":1},{"name":"Reply_all_POS","id":"Reply_all_POS","unicode":"ec2e","created":1},{"name":"Reply_NEG","id":"Reply_NEG","unicode":"ec2f","created":1},{"name":"Reply_POS","id":"Reply_POS","unicode":"ec30","created":1},{"name":"Return_arrow_NEG","id":"Return_arrow_NEG","unicode":"ec31","created":1},{"name":"Return_arrow_POS","id":"Return_arrow_POS","unicode":"ec32","created":1},{"name":"Reverse_arrow_NEG","id":"Reverse_arrow_NEG","unicode":"ec33","created":1},{"name":"Reverse_arrow_POS","id":"Reverse_arrow_POS","unicode":"ec34","created":1},{"name":"Rewind_NEG","id":"Rewind_NEG","unicode":"ec35","created":1},{"name":"Rewind_POS","id":"Rewind_POS","unicode":"ec36","created":1},{"name":"River_bridge_NEG","id":"River_bridge_NEG","unicode":"ec37","created":1},{"name":"River_bridge_POS","id":"River_bridge_POS","unicode":"ec38","created":1},{"name":"Road_bridge_NEG","id":"Road_bridge_NEG","unicode":"ec39","created":1},{"name":"Road_bridge_POS","id":"Road_bridge_POS","unicode":"ec3a","created":1},{"name":"Rocket_NEG","id":"Rocket_NEG","unicode":"ec3b","created":1},{"name":"Rocket_POS","id":"Rocket_POS","unicode":"ec3c","created":1},{"name":"Rosette_NEG","id":"Rosette_NEG","unicode":"ec3d","created":1},{"name":"Rosette_POS","id":"Rosette_POS","unicode":"ec3e","created":1},{"name":"Rotate_arrow_NEG","id":"Rotate_arrow_NEG","unicode":"ec3f","created":1},{"name":"Rotate_arrow_POS","id":"Rotate_arrow_POS","unicode":"ec40","created":1},{"name":"Route_1_NEG","id":"Route_1_NEG","unicode":"ec41","created":1},{"name":"Route_1_POS","id":"Route_1_POS","unicode":"ec42","created":1},{"name":"Route_2_NEG","id":"Route_2_NEG","unicode":"ec43","created":1},{"name":"Route_2_POS","id":"Route_2_POS","unicode":"ec44","created":1},{"name":"Route_3_NEG","id":"Route_3_NEG","unicode":"ec45","created":1},{"name":"Route_3_POS","id":"Route_3_POS","unicode":"ec46","created":1},{"name":"RSS_NEG","id":"RSS_NEG","unicode":"ec47","created":1},{"name":"RSS_POS","id":"RSS_POS","unicode":"ec48","created":1},{"name":"Ruler_NEG","id":"Ruler_NEG","unicode":"ec49","created":1},{"name":"Ruler_POS","id":"Ruler_POS","unicode":"ec4a","created":1},{"name":"Safe_NEG","id":"Safe_NEG","unicode":"ec4b","created":1},{"name":"Safe_POS","id":"Safe_POS","unicode":"ec4c","created":1},{"name":"Sail_boat_NEG","id":"Sail_boat_NEG","unicode":"ec4d","created":1},{"name":"Sail_boat_POS","id":"Sail_boat_POS","unicode":"ec4e","created":1},{"name":"Satchel_suitcase_NEG","id":"Satchel_suitcase_NEG","unicode":"ec4f","created":1},{"name":"Satchel_suitcase_POS","id":"Satchel_suitcase_POS","unicode":"ec50","created":1},{"name":"Satellite_dish_NEG","id":"Satellite_dish_NEG","unicode":"ec51","created":1},{"name":"Satellite_dish_POS","id":"Satellite_dish_POS","unicode":"ec52","created":1},{"name":"Satellite_NEG","id":"Satellite_NEG","unicode":"ec53","created":1},{"name":"Satellite_POS","id":"Satellite_POS","unicode":"ec54","created":1},{"name":"Save_NEG","id":"Save_NEG","unicode":"ec55","created":1},{"name":"Save_POS","id":"Save_POS","unicode":"ec56","created":1},{"name":"Scales_NEG","id":"Scales_NEG","unicode":"ec57","created":1},{"name":"Scales_POS","id":"Scales_POS","unicode":"ec58","created":1},{"name":"Scissors_NEG","id":"Scissors_NEG","unicode":"ec59","created":1},{"name":"Scissors_POS","id":"Scissors_POS","unicode":"ec5a","created":1},{"name":"Screwdriver_NEG","id":"Screwdriver_NEG","unicode":"ec5b","created":1},{"name":"Screwdriver_POS","id":"Screwdriver_POS","unicode":"ec5c","created":1},{"name":"Search_jobs_NEG","id":"Search_jobs_NEG","unicode":"ec5d","created":1},{"name":"Search_jobs_POS","id":"Search_jobs_POS","unicode":"ec5e","created":1},{"name":"Search_NEG","id":"Search_NEG","unicode":"ec5f","created":1},{"name":"Search_POS","id":"Search_POS","unicode":"ec60","created":1},{"name":"Self_drive_car_NEG","id":"Self_drive_car_NEG","unicode":"ec61","created":1},{"name":"Self_drive_car_POS","id":"Self_drive_car_POS","unicode":"ec62","created":1},{"name":"Send_paper_plane_NEG","id":"Send_paper_plane_NEG","unicode":"ec63","created":1},{"name":"Send_paper_plane_POS","id":"Send_paper_plane_POS","unicode":"ec64","created":1},{"name":"Share_NEG","id":"Share_NEG","unicode":"ec65","created":1},{"name":"Share_POS","id":"Share_POS","unicode":"ec66","created":1},{"name":"Shared_Office_NEG","id":"Shared_Office_NEG","unicode":"ec67","created":1},{"name":"Shared_Office_POS","id":"Shared_Office_POS","unicode":"ec68","created":1},{"name":"Shield_NEG","id":"Shield_NEG","unicode":"ec69","created":1},{"name":"Shield_POS","id":"Shield_POS","unicode":"ec6a","created":1},{"name":"Ship_NEG","id":"Ship_NEG","unicode":"ec6b","created":1},{"name":"Ship_POS","id":"Ship_POS","unicode":"ec6c","created":1},{"name":"Ship_wheel_NEG","id":"Ship_wheel_NEG","unicode":"ec6d","created":1},{"name":"Ship_wheel_POS","id":"Ship_wheel_POS","unicode":"ec6e","created":1},{"name":"Shoe_prints_NEG","id":"Shoe_prints_NEG","unicode":"ec6f","created":1},{"name":"Shoe_prints_POS","id":"Shoe_prints_POS","unicode":"ec70","created":1},{"name":"Shoot_leaf_NEG","id":"Shoot_leaf_NEG","unicode":"ec71","created":1},{"name":"Shoot_leaf_POS","id":"Shoot_leaf_POS","unicode":"ec72","created":1},{"name":"Shopping_bag_NEG","id":"Shopping_bag_NEG","unicode":"ec73","created":1},{"name":"Shopping_bag_POS","id":"Shopping_bag_POS","unicode":"ec74","created":1},{"name":"Shopping_basket_NEG","id":"Shopping_basket_NEG","unicode":"ec75","created":1},{"name":"Shopping_basket_POS","id":"Shopping_basket_POS","unicode":"ec76","created":1},{"name":"Shower_NEG","id":"Shower_NEG","unicode":"ec77","created":1},{"name":"Shower_POS","id":"Shower_POS","unicode":"ec78","created":1},{"name":"Shuffle_arrow_NEG","id":"Shuffle_arrow_NEG","unicode":"ec79","created":1},{"name":"Shuffle_arrow_POS","id":"Shuffle_arrow_POS","unicode":"ec7a","created":1},{"name":"Simple_arrow_decrease_NEG","id":"Simple_arrow_decrease_NEG","unicode":"ec7b","created":1},{"name":"Simple_arrow_decrease_POS","id":"Simple_arrow_decrease_POS","unicode":"ec7c","created":1},{"name":"Simple_arrow_down_NEG","id":"Simple_arrow_down_NEG","unicode":"ec7d","created":1},{"name":"Simple_arrow_down_POS","id":"Simple_arrow_down_POS","unicode":"ec7e","created":1},{"name":"Simple_arrow_increase_NEG","id":"Simple_arrow_increase_NEG","unicode":"ec7f","created":1},{"name":"Simple_arrow_increase_POS","id":"Simple_arrow_increase_POS","unicode":"ec80","created":1},{"name":"Simple_arrow_left_NEG","id":"Simple_arrow_left_NEG","unicode":"ec81","created":1},{"name":"Simple_arrow_left_POS","id":"Simple_arrow_left_POS","unicode":"ec82","created":1},{"name":"Simple_arrow_right_NEG","id":"Simple_arrow_right_NEG","unicode":"ec83","created":1},{"name":"Simple_arrow_right_POS","id":"Simple_arrow_right_POS","unicode":"ec84","created":1},{"name":"Simple_arrow_side_NEG","id":"Simple_arrow_side_NEG","unicode":"ec85","created":1},{"name":"Simple_arrow_side_POS","id":"Simple_arrow_side_POS","unicode":"ec86","created":1},{"name":"Simple_arrow_up_down_NEG","id":"Simple_arrow_up_down_NEG","unicode":"ec87","created":1},{"name":"Simple_arrow_up_down_POS","id":"Simple_arrow_up_down_POS","unicode":"ec88","created":1},{"name":"Simple_arrow_up_NEG","id":"Simple_arrow_up_NEG","unicode":"ec89","created":1},{"name":"Simple_arrow_up_POS","id":"Simple_arrow_up_POS","unicode":"ec8a","created":1},{"name":"Single_office_NEG","id":"Single_office_NEG","unicode":"ec8b","created":1},{"name":"Single_office_POS","id":"Single_office_POS","unicode":"ec8c","created":1},{"name":"Skip_backwards_NEG","id":"Skip_backwards_NEG","unicode":"ec8d","created":1},{"name":"Skip_backwards_POS","id":"Skip_backwards_POS","unicode":"ec8e","created":1},{"name":"Skip_forward_NEG","id":"Skip_forward_NEG","unicode":"ec8f","created":1},{"name":"Skip_forward_POS","id":"Skip_forward_POS","unicode":"ec90","created":1},{"name":"Skip_Forwards_NEG","id":"Skip_Forwards_NEG","unicode":"ec91","created":1},{"name":"Skip_Forwards_POS","id":"Skip_Forwards_POS","unicode":"ec92","created":1},{"name":"Skip_rewind__NEG","id":"Skip_rewind__NEG","unicode":"ec93","created":1},{"name":"Skip_rewind__POS","id":"Skip_rewind__POS","unicode":"ec94","created":1},{"name":"Skull_n_Bones_NEG","id":"Skull_n_Bones_NEG","unicode":"ec95","created":1},{"name":"Skull_n_Bones_POS","id":"Skull_n_Bones_POS","unicode":"ec96","created":1},{"name":"Slider_settings_NEG","id":"Slider_settings_NEG","unicode":"ec97","created":1},{"name":"Slider_settings_POS","id":"Slider_settings_POS","unicode":"ec98","created":1},{"name":"Smart_watch_NEG","id":"Smart_watch_NEG","unicode":"ec99","created":1},{"name":"Smart_watch_POS","id":"Smart_watch_POS","unicode":"ec9a","created":1},{"name":"Snow_NEG","id":"Snow_NEG","unicode":"ec9b","created":1},{"name":"Snow_POS","id":"Snow_POS","unicode":"ec9c","created":1},{"name":"Snowflake_NEG","id":"Snowflake_NEG","unicode":"ec9d","created":1},{"name":"Snowflake_POS","id":"Snowflake_POS","unicode":"ec9e","created":1},{"name":"Sort_alpha_ascending_NEG","id":"Sort_alpha_ascending_NEG","unicode":"ec9f","created":1},{"name":"Sort_alpha_ascending_POS","id":"Sort_alpha_ascending_POS","unicode":"eca0","created":1},{"name":"Sort_alpha_descending_NEG","id":"Sort_alpha_descending_NEG","unicode":"eca1","created":1},{"name":"Sort_alpha_descending_POS","id":"Sort_alpha_descending_POS","unicode":"eca2","created":1},{"name":"Sort_amount_ascending_NEG","id":"Sort_amount_ascending_NEG","unicode":"eca3","created":1},{"name":"Sort_amount_ascending_POS","id":"Sort_amount_ascending_POS","unicode":"eca4","created":1},{"name":"Sort_amount_descending_NEG","id":"Sort_amount_descending_NEG","unicode":"eca5","created":1},{"name":"Sort_amount_descending_POS","id":"Sort_amount_descending_POS","unicode":"eca6","created":1},{"name":"Sort_numeric_ascending_NEG","id":"Sort_numeric_ascending_NEG","unicode":"eca7","created":1},{"name":"Sort_numeric_ascending_POS","id":"Sort_numeric_ascending_POS","unicode":"eca8","created":1},{"name":"Sort_numeric_descending_NEG","id":"Sort_numeric_descending_NEG","unicode":"eca9","created":1},{"name":"Sort_numeric_descending_POS","id":"Sort_numeric_descending_POS","unicode":"ecaa","created":1},{"name":"Spanner_NEG","id":"Spanner_NEG","unicode":"ecab","created":1},{"name":"Spanner_POS","id":"Spanner_POS","unicode":"ecac","created":1},{"name":"Speaker_1_NEG","id":"Speaker_1_NEG","unicode":"ecad","created":1},{"name":"Speaker_1_POS","id":"Speaker_1_POS","unicode":"ecae","created":1},{"name":"Speaker_2_NEG","id":"Speaker_2_NEG","unicode":"ecaf","created":1},{"name":"Speaker_2_POS","id":"Speaker_2_POS","unicode":"ecb0","created":1},{"name":"Speech_commenting_chat_bubble_1_NEG","id":"Speech_commenting_chat_bubble_1_NEG","unicode":"ecb1","created":1},{"name":"Speech_commenting_chat_bubble_1_POS","id":"Speech_commenting_chat_bubble_1_POS","unicode":"ecb2","created":1},{"name":"Speech_commenting_chat_bubble_2_NEG","id":"Speech_commenting_chat_bubble_2_NEG","unicode":"ecb3","created":1},{"name":"Speech_commenting_chat_bubble_2_POS","id":"Speech_commenting_chat_bubble_2_POS","unicode":"ecb4","created":1},{"name":"Speech_commenting_chat_bubble_NEG","id":"Speech_commenting_chat_bubble_NEG","unicode":"ecb5","created":1},{"name":"Speech_commenting_chat_bubble_POS","id":"Speech_commenting_chat_bubble_POS","unicode":"ecb6","created":1},{"name":"Speedometer_NEG","id":"Speedometer_NEG","unicode":"ecb7","created":1},{"name":"Speedometer_POS","id":"Speedometer_POS","unicode":"ecb8","created":1},{"name":"Spin_arrow_NEG","id":"Spin_arrow_NEG","unicode":"ecb9","created":1},{"name":"Spin_arrow_POS","id":"Spin_arrow_POS","unicode":"ecba","created":1},{"name":"Split_arrow_NEG","id":"Split_arrow_NEG","unicode":"ecbb","created":1},{"name":"Split_arrow_POS","id":"Split_arrow_POS","unicode":"ecbc","created":1},{"name":"Spoon_NEG","id":"Spoon_NEG","unicode":"ecbd","created":1},{"name":"Spoon_POS","id":"Spoon_POS","unicode":"ecbe","created":1},{"name":"Stack_overflow_NEG","id":"Stack_overflow_NEG","unicode":"ecbf","created":1},{"name":"Stack_overflow_POS","id":"Stack_overflow_POS","unicode":"ecc0","created":1},{"name":"Stairs_NEG","id":"Stairs_NEG","unicode":"ecc1","created":1},{"name":"Stairs_POS","id":"Stairs_POS","unicode":"ecc2","created":1},{"name":"Star_NEG","id":"Star_NEG","unicode":"ecc3","created":1},{"name":"Star_POS","id":"Star_POS","unicode":"ecc4","created":1},{"name":"Stethoscope_NEG","id":"Stethoscope_NEG","unicode":"ecc5","created":1},{"name":"Stethoscope_POS","id":"Stethoscope_POS","unicode":"ecc6","created":1},{"name":"Stew_pot_NEG","id":"Stew_pot_NEG","unicode":"ecc7","created":1},{"name":"Stew_pot_POS","id":"Stew_pot_POS","unicode":"ecc8","created":1},{"name":"Stop_NEG","id":"Stop_NEG","unicode":"ecc9","created":1},{"name":"Stop_POS","id":"Stop_POS","unicode":"ecca","created":1},{"name":"Stopwatch_timer_NEG","id":"Stopwatch_timer_NEG","unicode":"eccb","created":1},{"name":"Stopwatch_timer_POS","id":"Stopwatch_timer_POS","unicode":"eccc","created":1},{"name":"Submit_RFP_NEG","id":"Submit_RFP_NEG","unicode":"eccd","created":1},{"name":"Submit_RFP_POS","id":"Submit_RFP_POS","unicode":"ecce","created":1},{"name":"Suitcase_bag_NEG","id":"Suitcase_bag_NEG","unicode":"eccf","created":1},{"name":"Suitcase_bag_POS","id":"Suitcase_bag_POS","unicode":"ecd0","created":1},{"name":"Sun_n_Shade_NEG","id":"Sun_n_Shade_NEG","unicode":"ecd1","created":1},{"name":"Sun_n_Shade_POS","id":"Sun_n_Shade_POS","unicode":"ecd2","created":1},{"name":"Sun_NEG","id":"Sun_NEG","unicode":"ecd3","created":1},{"name":"Sun_POS","id":"Sun_POS","unicode":"ecd4","created":1},{"name":"Syringe_NEG","id":"Syringe_NEG","unicode":"ecd5","created":1},{"name":"Syringe_POS","id":"Syringe_POS","unicode":"ecd6","created":1},{"name":"Tablet_NEG","id":"Tablet_NEG","unicode":"ecd7","created":1},{"name":"Tablet_POS","id":"Tablet_POS","unicode":"ecd8","created":1},{"name":"Tag_NEG","id":"Tag_NEG","unicode":"ecd9","created":1},{"name":"Tag_POS","id":"Tag_POS","unicode":"ecda","created":1},{"name":"Target_NEG","id":"Target_NEG","unicode":"ecdb","created":1},{"name":"Target_POS","id":"Target_POS","unicode":"ecdc","created":1},{"name":"Telescope_NEG","id":"Telescope_NEG","unicode":"ecdd","created":1},{"name":"Telescope_POS","id":"Telescope_POS","unicode":"ecde","created":1},{"name":"Television_display_device_monitor_NEG","id":"Television_display_device_monitor_NEG","unicode":"ecdf","created":1},{"name":"Television_display_device_monitor_POS","id":"Television_display_device_monitor_POS","unicode":"ece0","created":1},{"name":"Test_tube_NEG","id":"Test_tube_NEG","unicode":"ece1","created":1},{"name":"Test_tube_POS","id":"Test_tube_POS","unicode":"ece2","created":1},{"name":"Test_tubes_NEG","id":"Test_tubes_NEG","unicode":"ece3","created":1},{"name":"Test_tubes_POS","id":"Test_tubes_POS","unicode":"ece4","created":1},{"name":"Tick_list_NEG","id":"Tick_list_NEG","unicode":"ece5","created":1},{"name":"Tick_list_POS","id":"Tick_list_POS","unicode":"ece6","created":1},{"name":"Tick_NEG","id":"Tick_NEG","unicode":"ece7","created":1},{"name":"Tick_POS","id":"Tick_POS","unicode":"ece8","created":1},{"name":"Tie_NEG","id":"Tie_NEG","unicode":"ece9","created":1},{"name":"Tie_POS","id":"Tie_POS","unicode":"ecea","created":1},{"name":"Toolbox_suitcase_NEG","id":"Toolbox_suitcase_NEG","unicode":"eceb","created":1},{"name":"Toolbox_suitcase_POS","id":"Toolbox_suitcase_POS","unicode":"ecec","created":1},{"name":"Tortoise_NEG","id":"Tortoise_NEG","unicode":"eced","created":1},{"name":"Tortoise_POS","id":"Tortoise_POS","unicode":"ecee","created":1},{"name":"Tractor_NEG","id":"Tractor_NEG","unicode":"ecef","created":1},{"name":"Tractor_POS","id":"Tractor_POS","unicode":"ecf0","created":1},{"name":"Traffic_cone_NEG","id":"Traffic_cone_NEG","unicode":"ecf1","created":1},{"name":"Traffic_cone_POS","id":"Traffic_cone_POS","unicode":"ecf2","created":1},{"name":"Traffic_signal_EU_NEG","id":"Traffic_signal_EU_NEG","unicode":"ecf3","created":1},{"name":"Traffic_signal_EU_POS","id":"Traffic_signal_EU_POS","unicode":"ecf4","created":1},{"name":"Traffic_signal_NEG","id":"Traffic_signal_NEG","unicode":"ecf5","created":1},{"name":"Traffic_signal_POS","id":"Traffic_signal_POS","unicode":"ecf6","created":1},{"name":"Train_NEG","id":"Train_NEG","unicode":"ecf7","created":1},{"name":"Train_POS","id":"Train_POS","unicode":"ecf8","created":1},{"name":"Travel_coffee_cup_NEG","id":"Travel_coffee_cup_NEG","unicode":"ecf9","created":1},{"name":"Travel_coffee_cup_POS","id":"Travel_coffee_cup_POS","unicode":"ecfa","created":1},{"name":"Tree_NEG","id":"Tree_NEG","unicode":"ecfb","created":1},{"name":"Tree_POS","id":"Tree_POS","unicode":"ecfc","created":1},{"name":"Trolley_basket_NEG","id":"Trolley_basket_NEG","unicode":"ecfd","created":1},{"name":"Trolley_basket_POS","id":"Trolley_basket_POS","unicode":"ecfe","created":1},{"name":"Trophy_NEG","id":"Trophy_NEG","unicode":"ecff","created":1},{"name":"Trophy_POS","id":"Trophy_POS","unicode":"ed00","created":1},{"name":"Truck_car_NEG","id":"Truck_car_NEG","unicode":"ed01","created":1},{"name":"Truck_car_POS","id":"Truck_car_POS","unicode":"ed02","created":1},{"name":"Tshirt_NEG","id":"Tshirt_NEG","unicode":"ed03","created":1},{"name":"Tshirt_POS","id":"Tshirt_POS","unicode":"ed04","created":1},{"name":"Turbine_NEG","id":"Turbine_NEG","unicode":"ed05","created":1},{"name":"Turbine_POS","id":"Turbine_POS","unicode":"ed06","created":1},{"name":"Type_cursor_NEG","id":"Type_cursor_NEG","unicode":"ed07","created":1},{"name":"Type_cursor_POS","id":"Type_cursor_POS","unicode":"ed08","created":1},{"name":"Umbrella_NEG","id":"Umbrella_NEG","unicode":"ed09","created":1},{"name":"Umbrella_POS","id":"Umbrella_POS","unicode":"ed0a","created":1},{"name":"Unlink_NEG","id":"Unlink_NEG","unicode":"ed0b","created":1},{"name":"Unlink_POS","id":"Unlink_POS","unicode":"ed0c","created":1},{"name":"Unlock_NEG","id":"Unlock_NEG","unicode":"ed0d","created":1},{"name":"Unlock_POS","id":"Unlock_POS","unicode":"ed0e","created":1},{"name":"upload_NEG","id":"upload_NEG","unicode":"ed0f","created":1},{"name":"upload_POS","id":"upload_POS","unicode":"ed10","created":1},{"name":"upload_to_cloud_NEG","id":"upload_to_cloud_NEG","unicode":"ed11","created":1},{"name":"upload_to_cloud_POS","id":"upload_to_cloud_POS","unicode":"ed12","created":1},{"name":"USB_NEG","id":"USB_NEG","unicode":"ed13","created":1},{"name":"USB_POS","id":"USB_POS","unicode":"ed14","created":1},{"name":"User_2_profile_NEG","id":"User_2_profile_NEG","unicode":"ed15","created":1},{"name":"User_2_profile_POS","id":"User_2_profile_POS","unicode":"ed16","created":1},{"name":"Users_NEG","id":"Users_NEG","unicode":"ed17","created":1},{"name":"Users_POS","id":"Users_POS","unicode":"ed18","created":1},{"name":"Vending_machine_NEG","id":"Vending_machine_NEG","unicode":"ed19","created":1},{"name":"Vending_machine_POS","id":"Vending_machine_POS","unicode":"ed1a","created":1},{"name":"Video_NEG","id":"Video_NEG","unicode":"ed1b","created":1},{"name":"Video_POS","id":"Video_POS","unicode":"ed1c","created":1},{"name":"Virtual_reality_NEG","id":"Virtual_reality_NEG","unicode":"ed1d","created":1},{"name":"Virtual_reality_POS","id":"Virtual_reality_POS","unicode":"ed1e","created":1},{"name":"Volume_1_NEG","id":"Volume_1_NEG","unicode":"ed1f","created":1},{"name":"Volume_1_POS","id":"Volume_1_POS","unicode":"ed20","created":1},{"name":"Volume_2_NEG","id":"Volume_2_NEG","unicode":"ed21","created":1},{"name":"Volume_2_POS","id":"Volume_2_POS","unicode":"ed22","created":1},{"name":"Volume_3_NEG","id":"Volume_3_NEG","unicode":"ed23","created":1},{"name":"Volume_3_POS","id":"Volume_3_POS","unicode":"ed24","created":1},{"name":"Volume_4_NEG","id":"Volume_4_NEG","unicode":"ed25","created":1},{"name":"Volume_4_POS","id":"Volume_4_POS","unicode":"ed26","created":1},{"name":"Walking_NEG","id":"Walking_NEG","unicode":"ed27","created":1},{"name":"Walking_POS","id":"Walking_POS","unicode":"ed28","created":1},{"name":"Wheelchair_NEG","id":"Wheelchair_NEG","unicode":"ed29","created":1},{"name":"Wheelchair_POS","id":"Wheelchair_POS","unicode":"ed2a","created":1},{"name":"Wifi_NEG","id":"Wifi_NEG","unicode":"ed2b","created":1},{"name":"Wifi_POS","id":"Wifi_POS","unicode":"ed2c","created":1},{"name":"Wine_glass_NEG","id":"Wine_glass_NEG","unicode":"ed2d","created":1},{"name":"Wine_glass_POS","id":"Wine_glass_POS","unicode":"ed2e","created":1},{"name":"Woman_man_man_NEG","id":"Woman_man_man_NEG","unicode":"ed2f","created":1},{"name":"Woman_man_man_POS","id":"Woman_man_man_POS","unicode":"ed30","created":1},{"name":"Woman_man_NEG","id":"Woman_man_NEG","unicode":"ed31","created":1},{"name":"Woman_man_POS","id":"Woman_man_POS","unicode":"ed32","created":1},{"name":"Woman_NEG","id":"Woman_NEG","unicode":"ed33","created":1},{"name":"Woman_POS","id":"Woman_POS","unicode":"ed34","created":1},{"name":"Woman_silhouette_user_NEG","id":"Woman_silhouette_user_NEG","unicode":"ed35","created":1},{"name":"Woman_silhouette_user_POS","id":"Woman_silhouette_user_POS","unicode":"ed36","created":1},{"name":"Woman_woman_man_NEG","id":"Woman_woman_man_NEG","unicode":"ed37","created":1},{"name":"Woman_woman_man_POS","id":"Woman_woman_man_POS","unicode":"ed38","created":1},{"name":"Yen_NEG","id":"Yen_NEG","unicode":"ed39","created":1},{"name":"Yen_POS","id":"Yen_POS","unicode":"ed3a","created":1},{"name":"Zoom_in_NEG","id":"Zoom_in_NEG","unicode":"ed3b","created":1},{"name":"Zoom_in_POS","id":"Zoom_in_POS","unicode":"ed3c","created":1},{"name":"Zoom_out_NEG","id":"Zoom_out_NEG","unicode":"ed3d","created":1},{"name":"Zoom_out_POS","id":"Zoom_out_POS","unicode":"ed3e","created":1}]}