<?xml version="1.0" encoding="UTF-8" standalone="yes"?>
<rss xmlns:sparkle="http://www.andymatuschak.org/xml-namespaces/sparkle" xmlns:dc="http://purl.org/dc/elements/1.1/" version="2.0">
    <channel>
        <title>😎 TRINETIX Icons</title>
        <link>https://github.com/radpoznyakov/Icons_trinetix/blob/master/version.xml</link>
        <description>Icons for Trinetix</description>
        <language>en</language>
        <item>
            <title>Version 0.0.1</title>
            <description>
                <![CDATA[
                    <ul>
                        <li>Support for new plugin update engine</li>
                    </ul>
                ]]>
            </description>
            <pubDate>Fri, 02 Jun 2017 07:55:40 -0800</pubDate>
            <enclosure url="https://github.com/rodi01/RenameIt/blob/master/RenameIt.zip?raw=true" sparkle:version="2.0.6" type="application/octet-stream" />
        </item>
        <item>
            <title>Version 0.0.2</title>
            <description>
                <![CDATA[
                    <ul>
                        <li>Add ability to rename root artboard of selected layer. Thanks @JBLatenight</li>
                    </ul>
                ]]>
            </description>
            <pubDate>Wed, 12 Jul 2017 13:36:51 -0800</pubDate>
            <enclosure url="https://github.com/rodi01/RenameIt/archive/2.0.7.zip?raw=true" sparkle:version="2.0.7" type="application/octet-stream" />
        </item>
    </channel>
</rss>